uid,sid,count
0,2,43
0,4,56
0,5,1
0,6,45
0,7,2
1,12,97
1,11,156
1,8,150
1,10,162
2,26,174
2,25,36
2,23,140
2,22,36
2,20,36
2,18,36
2,17,36
2,15,186
2,14,76
2,19,68
3,35,119
3,39,530
3,38,199
3,34,78
3,30,339
3,29,431
3,28,169
3,27,430
4,48,143
4,44,431
4,45,145
4,41,460
4,40,4
4,43,207
4,42,183
5,60,122
5,62,132
5,61,190
5,51,221
5,50,434
5,56,186
5,55,447
5,54,4
5,53,199
5,65,533
5,66,447
6,71,940
6,70,1144
6,69,1144
6,68,1144
6,67,1145
7,72,203
7,74,221
8,76,1462
9,65,221
9,77,4
9,79,221
9,80,16
10,83,122
10,85,486
10,82,178
11,89,119
11,90,119
12,96,68
12,95,1750
12,93,147
13,103,278
13,105,78
13,104,122
13,102,1867
13,101,1864
13,100,255
13,98,393
13,97,242
14,108,1952
15,110,336
15,111,365
15,112,97
15,113,68
16,114,209
17,120,458
17,119,878
17,117,878
17,115,445
17,56,878
18,121,324
18,122,36
18,123,16
19,134,119
19,135,122
19,137,878
19,142,263
19,140,1055
19,141,883
19,143,455
19,139,122
19,133,432
19,130,431
19,125,368
19,73,264
19,59,455
20,144,98
21,152,36
21,149,122
21,150,36
21,147,66
21,146,4
21,148,2
22,159,464
22,157,928
22,154,878
22,153,435
22,155,1115
23,165,68
23,171,145
23,170,4
23,169,4
23,168,119
23,167,122
23,112,97
23,162,90
23,161,78
23,160,434
23,141,116
23,163,122
24,173,159
24,174,343
25,180,122
25,179,156
25,175,6
25,176,156
25,98,156
25,177,793
26,189,2802
26,194,434
26,193,1042
26,191,431
26,195,878
26,188,486
26,190,897
26,87,2768
26,181,431
26,182,910
26,187,263
26,184,434
26,185,263
27,197,343
28,205,800
28,201,174
28,199,439
28,142,263
29,206,4
29,207,307
29,208,122
30,98,164
30,99,1886
30,102,691
30,209,97
30,210,156
31,217,122
31,214,3129
31,216,97
31,211,3096
31,9,159
32,218,3256
32,219,1018
32,220,3256
32,222,3248
33,232,958
33,231,199
33,228,3342
33,230,174
33,226,52
33,224,235
33,223,299
33,227,2534
34,242,68
34,243,393
34,245,227
34,246,486
34,249,122
34,248,122
34,250,119
34,251,221
34,252,119
34,241,242
34,247,156
34,162,116
34,238,220
34,9,159
34,177,68
34,234,206
34,235,88
34,236,221
34,237,228
34,195,88
35,264,209
35,262,200
35,261,529
35,258,944
35,255,951
35,254,687
37,270,227
37,46,3505
38,281,122
38,280,122
38,34,78
38,273,4
38,272,4
38,271,91
38,59,4
38,275,4
39,283,22
39,282,22
40,286,235
40,287,321
40,288,4
41,291,3097
41,294,3097
41,290,3097
41,86,3097
41,274,3097
41,244,3097
41,136,3097
41,134,3097
41,289,3097
42,297,897
42,298,36
42,296,3933
42,249,1162
43,300,227
43,301,97
44,305,242
44,172,97
44,302,339
44,304,159
44,306,122
45,312,878
45,307,3012
45,315,143
45,314,455
45,310,431
45,308,878
45,268,365
45,191,321
45,317,255
45,137,732
45,136,456
46,318,3115
46,107,66
47,323,393
47,322,122
47,321,431
47,247,156
47,250,1073
48,333,179
48,332,36
48,326,174
48,325,4290
48,324,876
48,1,876
48,327,68
49,334,199
49,335,156
49,336,878
49,338,97
49,339,97
49,340,161
50,350,2
50,351,158
50,354,122
50,352,122
50,347,16
50,83,158
50,345,119
50,344,235
50,341,278
50,335,438
50,346,122
51,364,859
51,363,533
51,362,4451
51,361,221
51,359,1517
51,357,431
51,356,859
51,120,2255
51,43,859
51,358,1517
52,17,36
52,365,3097
52,366,3097
52,368,3097
53,371,143
53,370,143
53,369,199
54,161,78
54,162,119
54,372,183
54,373,1184
54,375,159
54,376,298
55,381,206
55,379,147
55,378,91
55,194,122
56,11,156
56,382,116
56,383,91
56,384,68
56,385,4846
56,386,183
56,387,455
57,390,338
57,392,455
57,389,307
57,315,143
57,290,431
57,116,556
58,393,174
58,395,174
58,396,199
58,397,5091
59,401,207
59,400,174
59,398,460
59,399,119
60,405,174
60,408,76
60,407,174
60,406,119
60,404,78
60,365,36
60,266,172
60,72,93
60,403,36
61,420,237
61,419,371
61,417,334
61,416,2078
61,415,5560
61,414,78
61,411,78
61,410,5556
61,334,5557
61,325,5566
61,263,5560
62,433,23
62,430,4
62,427,878
62,426,533
62,424,280
62,421,122
62,388,4
62,321,395
62,169,119
63,435,159
63,438,272
63,434,396
63,436,36
63,398,206
63,264,36
64,124,52
64,439,78
64,440,52
64,441,2881
64,442,745
64,443,307
65,450,5748
65,449,2301
65,448,5746
65,447,5743
65,446,174
65,444,515
65,402,5743
65,229,5743
66,451,443
66,452,443
66,32,68
66,322,441
67,291,435
67,455,457
67,454,2216
67,390,457
67,289,395
67,50,5825
67,237,119
67,198,457
67,187,2216
67,160,461
67,116,457
67,89,5803
67,49,5809
68,456,290
68,370,119
68,195,88
69,461,199
69,466,159
69,465,122
69,463,159
69,462,91
69,460,122
69,9,159
69,53,147
69,459,174
69,395,174
69,457,431
70,100,3097
70,467,3097
70,469,3097
70,470,3097
71,472,88
71,476,146
71,475,68
71,474,16
71,437,4
71,397,88
71,471,116
72,438,445
72,463,357
73,481,199
74,485,78
74,487,228
74,486,4
74,488,400
74,484,235
75,495,414
75,494,414
75,493,993
75,489,323
75,465,122
76,500,6490
76,499,441
76,501,3187
76,498,178
76,497,2681
76,88,443
76,216,97
76,46,3187
76,29,455
77,502,16
77,508,16
77,504,122
77,503,204
77,437,435
77,507,393
77,357,430
77,52,456
77,37,435
78,510,119
79,512,400
79,511,1183
79,388,1063
79,237,1183
80,349,178
80,513,16
81,518,417
81,516,5392
81,514,1747
81,419,241
81,405,174
81,515,290
81,172,97
81,15,199
82,524,878
82,523,122
82,522,4
82,519,455
82,453,307
82,431,430
82,520,122
82,351,158
82,274,263
82,65,878
82,48,143
82,45,145
82,392,206
83,530,595
83,529,227
83,527,263
83,388,431
83,525,297
83,337,183
83,67,6924
84,533,204
84,536,266
84,223,7049
84,207,2154
85,541,266
85,539,266
85,543,122
85,527,88
85,506,88
85,428,7107
85,537,859
86,546,918
86,545,1063
86,544,940
86,538,1063
86,488,1219
86,80,119
86,33,1063
87,547,272
88,549,122
88,550,68
88,161,78
89,551,159
89,552,221
90,557,365
90,556,158
90,555,343
90,558,143
90,454,878
90,9,1018
91,217,122
91,559,122
91,560,186
91,561,23
91,562,533
92,568,4
92,567,16
92,564,116
92,62,357
92,486,859
92,463,357
92,345,276
92,343,888
92,560,321
93,573,179
93,577,122
93,578,455
93,572,122
93,576,365
93,570,4
93,62,135
93,571,4
95,584,400
95,583,97
95,582,119
95,303,486
95,300,227
95,163,430
95,580,357
96,385,140
96,588,301
97,577,235
98,398,307
98,590,432
98,591,2213
98,592,431
99,597,204
99,598,119
99,595,122
99,596,119
99,593,68
99,196,68
99,594,78
100,86,220
100,456,1090
100,599,140
101,175,6
101,295,255
102,600,5429
102,601,3375
103,604,207
103,602,122
103,359,207
103,305,122
103,456,36
104,156,8166
104,605,1556
105,310,431
105,154,455
105,135,3097
105,77,207
105,153,159
106,611,88
106,614,2
106,612,97
106,610,179
106,552,179
106,609,199
106,545,179
107,237,1196
107,497,127
107,617,7555
108,619,266
108,620,178
108,607,97
108,547,203
108,160,434
109,623,159
109,631,199
109,630,97
109,627,183
109,625,199
109,622,227
109,406,199
109,390,486
109,303,357
109,246,486
109,184,556
109,76,78
110,634,852
110,364,859
110,473,203
110,47,159
111,645,179
111,642,122
111,641,434
111,640,143
111,639,199
111,638,179
111,646,179
111,636,119
111,606,932
111,637,263
111,509,122
111,559,434
111,46,468
111,76,78
111,119,949
111,191,122
111,81,122
111,289,395
111,307,499
111,355,878
111,435,122
111,241,179
112,647,204
112,651,88
112,650,339
112,649,4090
112,648,146
112,511,52
112,473,203
112,112,16
112,479,119
113,655,8680
113,657,221
113,656,447
113,654,486
113,653,486
113,652,1685
113,642,8660
113,423,431
113,174,486
114,661,3
114,658,94
114,128,94
114,117,94
115,656,179
115,662,339
116,665,3097
116,666,199
116,664,3097
116,236,3097
116,157,3097
116,663,3097
117,675,4
117,674,2
117,673,78
117,672,2
117,676,4
117,670,4
117,669,52
117,668,4
117,667,2
117,614,2
117,575,4
117,39,119
117,274,2
117,392,4
117,437,4
117,578,4
117,533,179
117,537,4
117,556,204
118,683,119
118,682,91
118,679,2
118,677,122
118,681,4
118,678,88
118,524,2
118,370,94
118,206,4
118,613,88
119,685,3894
119,413,143
119,449,501
119,326,174
119,76,78
120,694,411
120,693,140
120,692,23
120,691,3289
120,689,159
120,229,413
120,107,8900
120,690,178
121,366,52
121,507,220
121,695,36
122,702,476
122,703,1354
122,457,434
122,700,119
123,708,3967
123,707,290
123,705,202
123,706,174
123,224,3097
124,709,9072
125,652,439
125,714,1074
125,712,119
125,711,264
125,710,199
125,703,519
125,499,122
125,460,442
125,184,434
125,157,178
125,46,202
125,28,122
126,719,439
126,718,221
126,715,199
127,557,221
127,727,4
127,726,99
127,724,263
127,721,204
127,720,228
127,609,395
127,585,158
127,543,447
127,439,170
127,34,78
127,44,932
127,87,204
127,170,432
127,237,1135
127,293,1042
127,306,119
127,351,462
127,204,204
128,728,140
130,731,800
130,167,418
130,659,932
131,87,119
131,116,4
131,128,4
131,162,119
131,471,544
131,557,4
131,564,735
131,581,365
131,732,119
132,734,4
132,677,4
132,735,538
132,344,4
132,465,122
132,160,119
133,747,266
133,746,878
133,742,431
133,741,158
133,737,242
133,736,556
133,739,206
133,656,242
133,678,455
133,424,446
133,439,78
133,443,206
133,530,158
133,611,455
133,638,242
133,573,442
134,578,206
134,752,447
134,751,4
134,750,4
134,748,158
134,738,66
134,678,4
134,448,4
134,336,4
134,313,4
134,287,499
134,170,4
134,540,2
135,755,2
135,754,97
135,750,158
135,756,307
135,626,158
135,535,199
136,759,122
136,758,3096
136,738,241
136,724,241
136,757,3096
136,249,3096
137,762,199
137,666,199
137,632,431
137,531,436
137,31,442
137,34,119
137,135,186
137,523,172
137,271,146
137,352,199
137,142,199
138,764,574
138,761,359
138,765,159
138,331,68
138,9,119
139,76,78
139,190,97
139,297,307
139,375,119
139,638,456
139,765,159
139,174,158
140,771,199
140,773,457
140,772,146
140,404,199
140,376,298
140,293,335
141,777,122
141,776,206
141,775,68
141,669,199
141,559,122
141,424,122
141,375,119
141,184,119
141,171,145
141,165,68
141,87,203
141,391,434
142,289,158
143,778,431
143,722,430
143,523,172
143,28,122
143,303,486
143,37,179
144,780,16
144,448,4
144,779,457
144,337,183
144,192,183
144,401,357
145,10,339
145,385,4846
146,785,800
146,784,4
146,783,206
146,614,2
146,309,1566
146,251,435
147,786,324
147,787,1196
147,564,4
147,86,239
147,275,431
147,162,336
148,105,156
148,648,146
148,788,143
149,670,486
149,792,878
149,791,263
149,793,1566
149,790,439
149,789,961
149,635,455
149,195,88
149,468,2187
149,422,932
149,355,878
149,290,431
149,287,3389
149,73,2187
150,447,22
150,794,179
151,795,192
151,284,4128
152,27,199
152,713,179
152,796,172
152,797,119
153,800,140
153,798,172
153,413,143
153,190,174
153,122,36
153,118,172
154,807,878
154,806,207
154,805,204
154,804,365
154,721,910
154,680,78
154,530,595
155,808,173
155,809,2
155,727,4
155,654,242
155,172,97
155,658,199
156,811,68
156,812,174
156,813,174
156,814,82
157,816,122
157,754,97
157,815,97
158,71,223
158,762,365
159,573,122
159,820,122
159,819,122
159,744,119
159,743,119
159,671,99
159,321,199
159,569,4
159,218,146
159,163,430
159,36,434
159,32,119
159,609,122
160,824,122
160,826,146
160,804,199
160,587,78
160,578,122
160,503,158
160,392,4
161,249,143
161,479,119
161,509,122
161,533,199
161,828,178
162,829,199
162,525,8008
163,723,119
163,202,122
163,397,1246
163,448,4
164,750,158
164,830,400
164,831,199
164,447,36
164,470,266
164,245,4
165,832,1219
166,834,6540
166,686,958
166,463,357
166,339,235
166,9,5893
167,838,431
167,836,450
167,835,2703
167,759,431
167,714,235
167,30,1069
167,582,11049
167,578,455
167,530,11071
167,423,431
167,422,879
167,614,199
168,841,502
168,672,1018
168,840,266
168,778,928
168,612,97
168,722,430
168,426,879
168,27,430
168,183,221
169,128,227
169,131,800
169,455,457
169,606,932
169,842,859
170,812,174
170,354,122
170,472,278
170,375,119
170,112,16
170,286,178
171,843,962
171,355,878
171,120,3876
172,797,119
172,786,324
172,756,486
172,706,174
172,653,486
172,629,119
172,561,52
172,471,307
172,55,434
172,107,78
172,487,68
172,246,434
173,845,221
173,846,68
173,847,36
174,10,97
174,848,158
175,112,97
176,851,938
176,850,3097
176,618,3097
176,82,3097
176,849,3097
177,491,1558
177,494,156
177,496,1030
177,702,242
178,855,174
178,854,68
178,853,174
178,852,22
178,833,242
178,655,395
178,444,174
179,860,11633
179,858,11621
179,857,11618
179,777,11578
179,861,11636
179,610,434
179,619,11604
179,859,11600
179,20,25
179,368,214
180,803,140
180,862,122
180,435,122
180,289,434
180,249,122
180,431,430
181,702,242
182,866,5649
182,865,227
182,641,456
182,557,365
182,325,11759
182,299,3376
182,256,2111
182,76,195
183,870,158
183,868,2748
183,736,172
183,620,2748
183,454,2
183,258,159
183,184,11767
183,183,179
183,137,533
183,13,173
183,352,119
184,873,158
184,872,158
184,871,12
184,330,190
184,69,174
184,597,122
185,874,169
185,875,221
185,767,365
185,737,439
186,876,255
186,877,88
186,878,206
186,879,140
187,880,204
187,878,206
187,877,88
187,626,400
187,713,36
187,876,255
188,805,348
188,885,66
188,884,4
188,882,66
188,881,119
188,672,122
188,355,2
188,556,199
188,388,4
188,162,119
188,103,52
189,850,940
189,891,940
189,890,1078
189,889,122
189,888,122
189,887,339
189,886,22
189,860,122
189,752,456
189,162,122
189,634,852
189,590,878
189,574,122
189,462,91
189,345,292
189,158,122
189,68,1159
190,46,12055
190,262,200
190,892,10709
191,893,16
191,713,91
191,436,25
191,266,172
191,262,200
191,253,4
191,395,174
192,897,223
192,896,88
192,895,36
192,881,266
192,815,97
192,615,97
192,592,431
192,312,707
192,289,4
192,171,146
192,133,173
192,111,204
192,614,2
193,758,223
193,772,146
193,845,170
193,898,66
193,900,140
193,902,119
193,890,122
193,483,4
193,460,122
193,299,158
193,272,122
193,482,4
193,266,172
193,262,143
193,134,119
193,119,119
193,27,122
193,9,159
195,805,199
195,787,674
195,893,156
195,502,16
196,250,220
196,502,674
196,889,52
197,496,1030
197,217,122
198,77,632
198,245,4
198,438,122
198,907,499
198,908,183
199,652,119
199,909,119
199,910,66
199,911,122
199,902,119
199,646,122
199,457,431
199,241,119
199,139,4
199,134,119
199,629,119
200,864,140
200,418,78
200,369,235
200,298,68
201,172,97
201,260,95
201,409,2375
201,441,174
201,795,12514
201,914,10948
201,916,5058
201,917,12519
202,432,146
203,918,275
203,919,78
203,441,78
204,920,88
204,921,183
205,506,647
205,922,272
206,798,172
206,886,272
207,737,434
207,759,423
207,240,122
207,578,122
208,323,156
208,392,456
208,593,122
208,595,454
209,525,122
209,923,227
209,722,430
209,656,439
209,924,2454
209,513,16
209,351,462
209,391,434
209,352,199
209,300,227
209,161,328
209,87,203
210,925,1612
210,523,172
210,355,878
210,309,4
210,140,4
210,86,147
210,71,940
210,312,220
211,535,204
211,823,1216
211,926,204
212,759,170
212,928,143
212,531,122
212,9,159
212,546,432
213,927,221
214,931,800
214,930,451
214,927,323
214,589,97
214,382,993
215,670,486
215,905,486
215,932,140
215,702,242
215,672,305
215,614,122
215,541,455
215,498,91
215,389,457
215,388,455
215,617,132
216,933,524
216,547,3097
216,216,97
216,212,178
216,72,203
217,652,242
217,642,122
217,623,159
217,492,119
217,317,255
217,291,179
217,257,235
217,199,434
217,164,179
217,119,445
217,40,179
218,495,414
218,496,1030
219,776,52
219,847,68
219,765,159
219,252,122
219,68,211
219,60,431
220,891,940
220,937,97
220,679,122
220,672,199
220,520,122
220,499,307
220,291,122
222,936,13154
222,748,13195
222,186,10640
222,143,434
222,346,179
223,940,12473
223,942,303
223,944,5347
223,945,883
223,732,4939
223,375,878
223,635,431
223,275,878
223,76,119
224,255,143
224,615,97
224,749,143
225,948,1242
225,947,13253
225,946,1669
225,805,1669
225,749,334
225,503,1669
225,581,13253
225,535,400
225,509,1669
225,350,400
225,615,97
226,615,97
226,950,183
226,509,122
226,949,78
226,374,91
226,217,199
226,46,78
226,383,68
227,58,199
227,86,156
227,910,179
227,952,227
227,953,14
228,696,36
228,955,3097
229,956,513
230,151,122
230,376,174
230,550,91
230,957,174
230,958,146
230,959,122
231,775,122
231,960,119
232,968,174
232,969,174
232,967,174
232,972,36
232,973,146
232,966,174
232,964,174
232,962,36
232,961,2
232,328,68
232,109,174
232,7,174
233,974,7742
233,375,143
233,889,164
234,150,365
234,386,272
234,598,1511
234,922,90
234,975,119
235,904,178
235,976,122
235,922,272
235,889,122
235,944,143
235,643,122
235,467,122
235,47,159
235,835,119
236,237,3097
236,509,204
237,977,174
237,940,339
237,628,183
237,548,119
237,251,431
237,163,4
237,73,97
237,27,122
237,9,159
237,248,122
238,482,4
238,978,4
238,901,159
238,523,122
238,364,428
238,979,122
238,218,146
238,133,432
238,116,307
238,275,4
238,56,186
239,944,119
239,432,146
239,151,122
239,383,68
240,708,76
240,983,159
240,687,36
240,981,52
240,261,176
240,15,186
240,365,66
241,986,140
241,985,221
241,984,1650
241,769,4
241,852,7713
241,446,443
241,58,235
242,792,432
242,990,97
242,991,121
242,988,932
242,245,533
242,578,455
242,537,859
242,136,456
242,135,206
243,734,1108
243,703,519
243,661,339
243,305,170
243,262,170
243,160,462
243,28,119
243,307,2903
244,992,183
244,771,3819
244,195,2832
244,426,457
245,993,3097
246,457,2533
246,638,242
246,578,365
246,291,206
246,909,242
246,195,993
246,183,439
246,244,1119
247,499,307
247,618,223
247,498,223
247,995,368
247,797,122
247,465,122
247,703,122
247,460,122
247,49,4
247,160,263
247,464,233
248,14,183
248,96,5573
248,324,665
248,878,1758
248,997,78
248,999,4344
249,456,290
249,375,336
250,890,523
250,27,430
250,253,215
250,291,263
250,868,91
250,909,876
251,1000,445
253,1005,3
253,1004,140
253,176,290
253,788,3
253,665,168
253,86,220
253,893,156
254,1010,199
254,1007,97
254,1006,204
254,777,122
254,701,199
254,672,2
254,578,206
254,399,122
254,406,508
254,312,878
254,251,122
254,245,4
254,86,220
254,68,23
255,900,140
255,759,122
255,352,122
256,86,14758
256,156,14757
256,250,14758
256,709,14758
256,900,140
257,274,263
257,617,3097
257,840,3097
258,1013,985
258,1012,8403
258,693,140
258,655,10948
258,367,227
258,366,371
258,858,36
259,1020,158
259,1019,204
259,1018,239
259,1017,23
259,1015,6
259,943,227
259,790,431
259,677,455
259,565,4
259,294,423
259,278,869
259,237,1292
259,197,1714
259,140,1055
259,135,179
259,126,1055
259,86,239
259,29,454
260,1021,689
260,937,3096
260,904,183
261,563,307
261,614,2
261,783,206
261,1022,2
261,1023,199
261,1024,4
262,1015,310
262,13,3097
263,49,263
263,978,3097
264,552,4
264,780,228
265,1028,400
265,1027,255
265,1026,499
265,1025,204
265,1001,221
265,634,199
265,513,876
265,237,1196
265,197,876
266,118,172
266,287,946
266,761,3906
266,1026,3389
267,1031,119
267,1030,122
267,815,97
267,698,140
267,44,122
268,748,431
268,592,4
268,642,199
268,143,434
268,83,462
268,65,879
268,41,368
268,351,484
269,1033,16
269,1032,16
269,995,16
269,704,16
269,236,371
269,234,78
269,237,220
270,43,207
271,1038,4298
271,1039,876
271,1037,174
271,1036,15255
271,1035,15255
271,1034,15255
272,436,13813
272,473,203
274,331,174
274,337,178
274,411,174
274,685,15485
274,689,2100
274,1040,174
274,1041,174
275,48,143
276,41,460
276,44,122
276,48,159
276,274,263
276,884,431
277,848,146
277,1003,122
277,1044,52
278,1046,22
278,1045,365
278,962,36
278,196,174
278,420,36
278,932,140
279,1048,343
279,1045,10945
279,982,227
279,973,228
279,1047,156
279,801,4332
279,765,159
279,516,15688
279,375,951
280,1052,174
280,914,174
280,737,122
280,694,36
280,691,36
280,684,22
280,640,143
280,488,199
280,91,206
280,259,52
280,325,36
280,585,52
280,393,68
281,1055,25
281,615,97
281,578,4
281,545,4
281,443,4
281,576,159
281,325,36
281,217,122
281,38,158
282,899,515
282,1061,76
282,1058,22
282,1057,22
282,864,140
282,1056,22
282,694,97
282,689,52
282,410,159
282,298,103
282,257,52
282,228,242
283,1064,199
283,1063,143
283,1041,68
283,935,36
283,945,36
283,802,199
283,196,174
283,861,2
284,317,206
284,507,156
285,203,211
285,653,52
286,74,122
287,637,52
287,710,199
287,578,455
287,844,203
287,128,227
287,125,544
287,118,940
287,43,859
287,230,97
288,578,122
288,542,4
288,185,4
288,76,4
289,1032,16
289,1023,68
289,995,16
289,876,16
289,574,88
289,570,4
289,554,68
289,467,122
289,245,4
289,215,97
289,177,68
289,156,16
289,120,122
290,923,436
290,16,343
290,235,3097
293,123,220
293,1068,1247
293,1066,88
293,850,940
293,512,963
293,316,4
293,285,88
293,113,16
294,1058,2047
294,1031,334
294,1007,16334
294,911,439
294,654,1072
294,653,1159
294,113,16334
294,672,365
295,387,455
295,661,339
295,733,2903
295,927,228
296,1070,52
297,1072,146
297,898,16372
297,696,226
297,688,22
297,265,88
297,264,310
297,96,174
297,687,36
298,1073,227
298,790,431
298,638,431
298,1005,431
298,289,395
298,49,263
298,28,122
298,291,122
301,1076,119
301,1018,220
301,937,78
301,867,23
301,669,119
301,216,97
301,500,97
301,352,4
301,343,266
301,234,186
301,177,16
302,796,172
302,1078,513
302,1077,339
302,1004,140
302,755,266
302,99,438
302,175,1018
302,154,455
302,195,455
303,334,199
303,889,16
303,1033,16
304,670,486
304,652,16558
304,390,486
304,303,486
304,307,905
304,272,431
304,188,486
304,166,434
304,373,221
305,14,183
305,20,52
305,450,4535
305,1079,310
306,837,122
306,943,221
306,126,227
306,78,221
306,199,221
307,507,239
307,1080,146
309,1083,447
309,1082,1524
309,901,307
309,812,174
309,274,431
309,475,122
310,977,266
310,886,290
310,979,879
310,120,4469
310,116,1566
310,76,221
310,49,221
310,471,5134
311,1086,25
311,871,36
311,765,159
311,112,78
311,448,36
312,787,1055
312,975,116
313,779,206
313,807,360
313,989,878
313,741,199
313,364,428
313,117,457
313,667,159
314,131,78
314,270,52
314,275,227
314,373,264
314,538,158
314,932,140
314,990,91
314,1025,159
314,1087,146
315,980,221
315,736,940
315,891,221
315,668,290
316,489,221
316,490,1030
316,491,1558
316,492,4
316,494,156
317,1089,17369
317,1088,97
317,1090,97
317,338,97
317,594,4
318,287,4
318,373,122
318,442,4
318,1091,2
319,77,3097
319,237,3097
320,1056,22
320,1095,245
320,1094,52
320,1093,183
320,1092,78
320,689,52
320,365,66
320,257,78
321,1098,174
321,963,36
321,1096,227
321,410,159
321,25,178
322,853,68
322,1102,68
322,1101,68
322,1100,25
322,872,68
322,794,17528
322,371,951
322,332,211
322,228,68
322,225,371
322,151,365
322,6,4298
322,409,5429
323,321,4
323,530,595
323,642,158
323,799,23
323,824,4
324,952,122
324,626,242
324,339,143
325,109,68
325,328,23
325,417,22
325,433,2
325,794,36
325,1102,76
325,1105,25
326,846,2404
326,463,357
326,295,940
327,77,556
327,117,556
327,305,442
327,471,556
328,778,199
328,279,533
328,501,91
328,578,455
329,936,119
329,874,169
329,169,1748
330,635,395
330,509,495
330,835,905
330,837,395
330,1029,266
330,641,929
330,468,264
330,418,264
330,464,186
330,13,173
330,47,143
330,186,932
330,76,235
330,261,529
330,290,431
330,303,486
330,334,263
330,188,264
331,632,338
331,932,235
331,925,235
331,906,431
331,617,896
331,316,431
331,181,122
331,171,146
331,626,400
332,873,5573
332,1108,951
332,1107,6805
332,1088,97
332,946,204
332,894,1018
332,801,4332
332,933,2735
332,714,512
332,583,97
332,485,97
332,720,228
332,463,359
332,418,78
332,410,159
332,256,434
332,93,220
332,76,5372
333,1109,357
333,239,1621
335,13,173
336,1111,2
336,986,140
336,585,314
336,977,266
337,1114,179
337,1113,78
337,1041,78
337,686,958
337,1099,25
337,371,174
338,1119,357
338,1117,97
338,1116,488
338,824,199
338,810,533
338,545,455
338,543,159
338,811,183
339,285,88
339,348,156
339,480,533
339,562,4380
339,1083,878
339,1120,888
340,648,691
340,553,1529
340,533,203
341,42,936
341,63,179
341,824,932
341,1121,200
342,547,414
342,585,159
342,704,143
343,787,18403
343,656,439
343,1123,1915
343,54,88
343,177,793
344,1124,2928
344,732,878
344,611,455
344,741,508
344,355,878
344,177,2679
344,388,455
345,1125,204
345,1008,365
345,894,159
345,807,122
345,770,221
345,769,22
345,698,140
345,576,159
345,585,52
345,530,365
345,478,88
345,470,239
345,155,234
345,118,172
346,1126,2
346,1026,206
346,778,932
346,646,122
346,422,199
346,1127,366
346,315,143
346,290,431
346,251,435
346,188,486
346,55,636
347,19,83
347,70,255
347,463,5058
347,757,2018
348,838,206
348,656,242
348,389,457
348,305,158
348,260,156
348,468,122
349,468,221
349,53,147
349,187,221
349,584,199
349,719,439
350,1129,395
350,545,4
350,546,534
350,336,2
350,289,395
350,135,119
351,382,339
351,387,455
351,659,455
351,1130,896
352,159,122
352,1015,220
352,156,183
353,0,22
353,259,179
353,878,199
353,1053,22
353,1131,2375
354,1134,36
354,1132,36
354,1071,36
354,1056,22
354,877,36
354,855,36
354,26,36
354,151,36
354,869,961
355,730,235
355,729,235
356,313,143
356,346,164
356,499,441
356,511,1183
356,1135,227
358,812,174
358,630,2875
358,695,140
359,76,3097
359,847,3097
359,862,3097
359,864,3097
360,233,140
360,413,143
360,653,174
360,1131,122
360,1136,149
361,1133,178
361,1041,174
361,653,343
361,70,178
361,447,1284
362,70,66
362,1074,393
363,1138,52
363,1137,143
363,631,122
363,506,88
363,375,119
363,525,272
363,190,149
363,166,122
363,122,66
363,107,36
363,270,52
364,1020,199
364,948,78
364,624,400
364,262,143
364,383,68
364,253,199
364,190,178
364,512,275
365,1139,36
365,876,146
365,889,52
365,547,68
365,341,235
366,513,16
366,889,23
366,907,307
366,992,88
367,142,122
367,488,1162
368,358,4451
368,722,122
368,641,122
368,585,159
368,359,1498
368,143,266
368,60,441
369,563,892
369,358,4451
369,363,919
369,634,1547
370,1124,897
370,666,122
370,634,4
370,819,442
370,358,4451
370,401,357
370,132,878
371,44,66
371,136,456
371,137,732
371,163,122
371,289,199
371,422,2
371,603,204
371,629,119
371,801,143
372,347,16
372,2,78
373,576,159
373,118,172
373,195,455
373,219,305
373,422,2
373,561,164
373,586,203
373,672,2
373,830,242
373,1125,204
374,995,52
374,9,159
375,447,2364
376,631,227
376,975,16
376,1130,759
377,235,557
378,162,336
378,558,143
378,1142,143
379,679,2
379,758,1558
381,697,307
381,714,149
381,813,178
381,832,2
381,1093,36
381,1113,36
382,324,174
382,994,97
382,1086,183
383,911,439
383,1038,76
383,854,434
383,417,22
383,330,21
384,367,36
384,858,36
384,1071,36
384,1144,229
384,1107,78
385,1145,20252
385,324,20235
385,1071,5064
385,1144,3109
386,1144,603
386,95,513
387,859,3097
387,146,20274
387,394,2982
387,621,140
387,801,143
388,183,439
388,249,275
388,375,178
388,712,227
389,1116,488
389,1044,343
389,727,122
389,636,120
390,49,4
390,142,4
390,234,186
390,447,22
390,830,400
391,901,221
391,1008,595
391,1021,122
391,1129,122
391,1083,52
391,1120,1183
391,1025,159
391,399,122
391,362,1517
391,359,4451
391,358,4451
391,247,512
391,197,488
391,120,1115
391,659,431
392,701,533
392,979,869
392,839,2
392,762,199
392,624,199
392,194,122
392,81,434
392,595,122
393,522,1519
393,805,689
394,1134,305
394,1107,876
394,1103,23
394,1050,1066
394,1047,122
394,1011,52
394,933,359
394,691,174
394,463,359
394,418,52
394,898,1758
395,946,36
395,985,68
395,1095,76
395,1133,36
395,878,206
395,1050,143
395,699,220
395,414,36
395,698,140
395,93,147
395,217,122
395,76,78
395,369,36
396,1143,22
396,953,14
396,1095,185
396,1056,22
396,1050,143
396,1048,529
396,1047,156
396,912,290
396,688,22
396,720,228
396,265,88
396,264,709
396,217,199
396,864,22
397,515,290
397,1132,143
398,1147,434
398,335,2899
399,34,78
399,91,36
399,151,122
399,465,122
399,700,122
399,902,119
399,911,122
400,879,159
400,620,91
401,1052,199
402,460,442
403,883,339
403,182,4
403,627,122
404,605,1634
404,521,221
404,987,221
404,456,36
404,506,20826
405,1015,665
405,742,434
405,543,159
405,391,119
405,388,434
405,315,143
405,189,495
405,60,434
406,1081,97
406,835,119
406,649,97
406,468,122
407,901,919
407,1125,204
407,1028,919
407,1022,919
407,406,508
407,237,628
407,155,19778
407,118,940
407,77,1518
407,258,21002
408,509,119
408,584,199
408,614,434
408,669,119
408,789,242
408,912,290
408,541,4
408,1138,36
408,443,206
408,146,199
408,61,434
408,26,199
408,16,199
408,13,173
408,526,4
408,1143,36
409,752,455
409,637,263
409,987,220
409,499,414
409,272,206
409,615,97
410,778,932
410,908,183
411,1032,183
411,995,3097
411,893,156
411,856,3097
411,497,3097
412,1022,919
412,978,632
412,977,5375
412,809,878
412,617,357
412,160,484
412,412,847
412,48,455
412,544,457
413,828,223
413,1032,183
413,880,204
413,876,156
413,467,122
413,293,223
413,209,178
413,159,122
413,68,211
413,299,178
414,1001,283
414,77,869
415,413,143
415,833,4581
416,693,140
416,414,78
416,957,158
417,188,486
417,234,233
418,1098,239
418,444,52
418,296,179
418,200,36
418,149,68
418,107,36
418,223,220
419,1092,78
419,177,16
419,532,178
419,891,940
420,1150,122
420,379,174
421,711,143
421,891,928
421,904,183
422,738,66
422,724,4
422,565,4
422,435,159
423,1146,68
423,875,2
423,820,122
423,680,122
423,614,431
423,509,122
423,443,206
423,273,4
423,186,122
423,65,4
423,1151,221
424,77,632
424,677,455
425,118,172
425,292,3097
425,358,1517
425,482,1517
425,599,1697
425,739,3389
426,1108,119
426,414,174
426,686,958
427,156,183
427,67,2247
429,1153,4
429,45,2
429,65,457
429,131,199
429,391,455
429,672,2
429,1129,199
430,974,324
430,649,207
430,383,68
430,638,119
431,477,140
432,305,179
432,1098,179
433,496,1030
433,495,414
433,493,3625
433,490,1030
433,489,6381
433,465,5968
433,491,1558
434,1151,183
434,32,204
434,204,204
434,747,4
435,1140,68
435,1041,36
435,1154,1758
435,685,36
435,672,2
435,653,211
435,597,122
436,249,122
436,531,434
436,992,3097
437,6,4298
437,283,22
437,1053,22
438,962,221
438,882,36
439,124,52
439,158,159
439,305,4
439,925,52
439,1155,16
440,665,1714
440,622,263
440,698,140
440,893,6
440,920,455
440,736,940
440,355,432
440,349,204
440,197,343
440,97,156
441,464,199
441,205,199
442,45,145
442,476,146
443,993,122
444,25,183
444,366,20258
445,803,140
445,1149,233
445,1072,146
445,1051,22
445,973,143
445,912,290
445,898,414
445,878,414
445,765,159
445,577,414
445,585,159
445,413,143
445,370,143
445,256,122
445,171,146
445,76,221
445,24,22
445,13,173
446,782,3
446,710,961
446,130,431
446,637,263
447,690,5071
447,1055,13461
447,1084,272
447,1156,5574
448,1053,22
449,196,400
450,141,116
450,304,159
450,375,119
450,424,122
451,282,22
452,1010,1287
452,935,290
452,33,122
452,603,2941
452,614,122
453,982,227
453,1093,183
453,1048,1159
453,981,52
453,695,36
453,514,159
453,298,2371
453,919,97
454,1134,301
455,1090,3096
455,165,3096
455,508,3096
456,1157,36
456,17,36
456,518,25
457,13,78
457,20,25
457,118,172
457,449,36
457,463,357
457,945,66
458,332,25
458,794,334
458,1040,68
459,462,263
459,236,1522
459,86,220
460,154,88
460,155,400
460,268,1566
460,455,1566
460,701,368
460,886,919
460,1001,220
460,1154,206
461,588,301
461,589,97
461,274,2
461,930,221
462,1015,220
462,1152,143
463,859,3097
463,507,3097
463,910,520
463,376,928
463,450,159
464,85,486
464,183,2190
464,357,431
465,601,23
465,692,23
465,1158,23358
466,686,174
466,878,206
466,473,203
467,447,22
468,261,605
468,411,68
468,1037,2111
468,1072,2111
468,1157,68
469,1160,2535
469,1142,156
469,1077,323
469,665,168
469,217,122
469,210,156
469,179,156
469,176,156
469,99,156
469,97,156
470,1024,1566
471,551,204
472,1161,143
472,728,140
472,921,183
474,1117,97
475,811,183
475,131,221
475,337,183
475,536,266
476,110,290
476,703,179
476,923,122
476,993,122
476,1127,400
477,1162,4
477,822,199
477,578,4
477,520,434
478,639,449
478,1109,505
478,1162,423
479,1026,343
479,886,22
479,200,36
479,163,4
479,499,441
479,117,4
479,77,458
480,794,12387
481,673,3097
481,585,3097
481,294,3097
481,190,3097
481,351,199
482,348,156
482,707,36
482,995,368
483,1163,24020
483,1164,24020
483,469,24020
484,123,243
484,249,211
484,1156,103
484,1157,24021
485,1165,36
486,509,2470
487,1150,174
487,984,204
487,254,97
487,810,122
490,951,24405
491,487,16
491,1088,97
492,69,36
492,1165,78
493,619,266
494,901,159
494,1085,122
494,1120,16
494,564,116
494,887,4
494,513,169
494,285,647
494,554,637
494,354,122
495,1111,23
498,293,156
499,683,365
499,543,159
499,337,360
499,289,158
500,951,97
500,973,97
501,481,199
501,1168,174
502,1035,15255
502,331,174
502,1034,15255
502,1036,15255
503,946,94
503,4,94
504,984,122
504,829,122
504,810,206
504,806,204
504,339,143
504,291,4
504,155,158
505,358,4451
505,979,487
505,732,2
505,273,266
505,185,455
505,191,321
505,118,172
505,198,66
506,913,371
507,869,2324
507,1092,264
507,1115,97
507,1155,206
508,578,206
508,388,4
508,352,3
508,85,486
509,60,122
509,443,68
509,745,68
510,765,159
510,862,2
510,1169,91
511,711,143
511,432,119
512,456,1593
512,901,10473
513,948,174
513,1105,3401
513,1147,987
514,217,1657
514,990,97
514,1084,243
514,1130,9699
515,425,179
515,1166,159
515,125,158
515,322,439
516,151,365
518,1171,16
518,1172,140
519,715,6257
519,885,203
519,1025,159
519,1173,272
520,1129,431
520,894,159
520,737,242
520,707,363
520,478,88
520,195,88
520,103,52
520,447,22
521,985,78
521,986,140
521,997,78
521,1037,174
521,1058,3611
521,1111,2
521,1137,140
521,1176,183
521,1055,3967
521,947,204
521,774,25973
521,707,291
521,699,220
521,407,1596
521,232,161
521,226,220
521,865,227
523,600,24540
523,601,23
523,151,2375
524,1143,26032
525,385,140
525,991,121
526,1149,233
526,808,897
526,801,1084
526,711,334
526,673,78
526,640,504
526,412,365
526,766,263
527,1063,445
528,961,876
528,151,174
529,33,122
530,18,36
530,112,16
530,165,174
530,413,242
530,566,78
531,157,94
532,450,159
533,476,2
533,1177,3336
534,1059,82
534,82,183
534,1095,1219
534,801,199
534,25,36
534,263,179
534,255,199
534,217,199
534,447,22
535,209,178
535,619,147
535,1045,147
536,774,455
537,375,950
537,522,207
537,165,203
538,1178,52
538,525,122
539,469,24020
539,1163,24020
539,1179,24020
540,999,97
540,1162,158
540,488,199
541,273,266
541,780,793
542,208,158
542,569,122
542,1129,434
543,1041,78
543,1103,174
543,962,174
543,96,3369
543,411,174
543,340,146
543,942,78
544,322,119
544,336,360
544,884,431
544,1129,158
545,209,97
546,924,174
546,470,239
547,964,255
548,109,174
548,282,22
548,395,22
548,951,36
548,1074,147
548,1165,147
548,1178,78
548,1180,290
549,588,301
549,1181,3
549,1077,156
549,1002,3
549,991,4
549,570,122
549,382,4
549,210,156
549,11,97
549,664,2190
550,689,3366
551,991,859
551,41,460
551,77,1115
551,486,533
551,658,859
551,1022,919
552,1179,488
552,1182,270
552,728,140
553,68,23
553,593,122
553,926,687
553,1017,156
553,1085,298
554,299,97
554,300,97
555,813,178
556,61,3096
556,193,3096
556,1068,3096
559,1183,68
561,115,431
561,278,431
561,355,878
561,588,301
561,920,878
562,1121,263
562,1026,3389
562,1001,220
562,1068,4677
562,1066,52
562,285,88
562,574,88
563,112,97
565,2,66
565,951,24405
565,1037,68
566,1184,143
566,1124,897
566,1121,200
566,128,227
566,656,221
567,905,486
567,1145,434
567,398,457
568,259,306
568,600,22
568,655,306
568,914,306
568,1052,306
569,481,357
569,814,272
569,1069,146
571,770,513
571,1177,1899
571,294,156
571,87,122
571,9,159
572,1083,534
572,1011,52
572,926,186
572,533,204
572,556,204
572,312,534
572,299,199
572,251,450
573,1187,255
573,1190,199
573,1189,255
573,1188,255
573,915,28568
573,832,211
573,1185,7283
574,4,36
574,411,36
574,601,23
574,794,143
576,567,16
577,1057,22
578,1178,78
578,1192,400
578,434,396
578,1003,1525
579,554,1650
580,469,24020
580,816,441
580,897,24020
580,964,24020
580,1164,24020
580,1167,24020
580,1193,441
581,612,97
581,551,159
581,1050,143
581,441,78
581,466,159
582,981,52
582,945,1759
582,509,199
582,295,172
582,22,5025
582,19,227
582,18,258
582,15,199
583,89,122
583,331,174
583,378,91
584,901,919
584,11,156
584,382,538
586,12,97
586,274,263
586,546,878
587,373,52
588,506,435
588,574,20393
588,575,178
588,829,435
589,1080,29231
590,1138,68
590,974,78
590,950,178
590,533,7040
590,270,52
591,109,174
591,393,174
591,963,174
591,964,174
591,965,174
591,966,174
591,968,174
591,969,174
591,970,174
591,971,174
592,440,172
594,651,221
594,678,221
594,1023,632
594,1126,2
595,264,36
595,1072,36
596,263,501
596,488,1162
596,21,327
597,549,122
597,916,255
599,1171,156
600,312,878
600,272,431
600,454,432
600,606,431
600,638,434
600,908,183
601,830,400
604,1183,68
605,1194,242
606,118,172
606,154,878
606,472,278
606,992,183
606,1160,143
607,916,206
607,737,179
607,548,122
607,322,441
607,306,454
607,656,242
608,1170,93
608,895,143
608,656,242
608,737,242
609,711,143
609,994,97
610,1195,164
610,293,156
611,1176,183
611,93,220
611,121,324
612,744,122
613,834,36
613,863,199
614,506,88
615,105,221
615,252,221
615,1005,221
615,1169,203
615,1181,221
616,685,88
617,1185,30350
617,534,221
618,440,1173
619,925,8649
619,924,1676
619,914,306
619,768,1083
619,1099,20595
619,468,4625
619,171,145
619,128,227
619,93,3096
619,766,712
619,1119,161
620,561,9357
621,434,918
621,888,460
622,1188,30728
622,1187,30728
622,692,257
622,380,30728
622,319,30728
622,1185,7283
623,1193,122
624,962,68
625,1115,97
625,1030,122
625,715,204
627,393,36
627,814,174
628,208,122
628,318,199
628,1088,91
629,968,174
629,969,174
629,967,174
629,971,174
629,966,174
629,109,174
629,964,174
629,963,174
629,393,174
629,328,174
629,965,174
631,16,3097
632,1161,78
632,1166,159
633,755,2
634,1197,143
635,934,97
635,821,513
635,657,122
635,273,179
635,629,122
635,565,88
635,245,4
636,718,221
636,1064,174
636,1087,146
637,913,36
638,763,431
638,584,275
638,543,159
639,990,97
639,149,122
639,172,97
639,694,36
639,1029,122
639,1166,158
640,337,3097
641,811,183
641,87,178
642,329,759
642,794,195
643,814,199
644,435,301
644,509,169
644,510,495
644,610,221
644,723,119
645,447,36
646,697,159
646,172,97
647,1150,223
648,284,22
650,286,203
651,129,199
651,313,143
651,530,158
651,1080,495
651,1172,140
652,413,20283
652,319,32475
652,114,32475
652,16,5574
652,6,32475
653,1060,32639
654,488,199
654,506,88
654,508,4
654,974,78
656,746,122
657,204,1146
658,933,199
658,1049,36
658,946,199
658,899,52
658,866,199
658,299,178
659,942,3097
660,1101,173
660,1177,146
660,1183,475
661,940,431
661,583,97
662,78,172
662,155,400
662,483,199
662,1022,919
663,1128,1440
663,958,146
663,432,2277
664,1169,460
665,968,33667
665,971,33667
665,970,33667
665,969,33667
665,967,33667
665,966,33667
665,964,33667
665,963,33667
665,393,33667
665,328,33667
665,109,33667
666,251,122
666,294,3097
666,297,3097
666,809,3097
666,994,3097
666,1001,3097
666,1149,3097
667,1113,97
667,1175,227
667,38,17324
669,567,203
669,1017,2132
671,900,140
671,45,145
671,525,122
671,924,896
672,682,897
672,789,24346
672,477,140
672,339,97
672,464,233
673,152,199
673,527,263
673,853,199
673,857,78
673,998,951
673,1094,395
673,1108,310
673,1168,78
674,960,33926
674,97,33904
675,4,174
676,248,122
676,435,159
676,754,97
677,974,82
677,861,1218
677,1133,36
677,485,78
677,438,434
678,1189,359
678,1187,359
678,1186,359
678,1190,28568
678,380,359
678,319,359
678,108,1197
678,1185,7283
678,1,28568
679,54,4
679,562,307
680,182,4
680,203,211
680,540,199
680,672,878
680,1123,125
681,876,16
682,1099,86
682,1066,538
682,934,97
682,649,97
682,437,122
682,177,68
682,111,232
682,525,122
683,610,122
683,90,156
683,73,158
683,27,122
684,476,179
685,806,632
686,1183,200
687,1119,161
687,992,178
687,297,515
687,177,343
687,337,183
688,92,122
688,962,68
689,1101,158
690,1156,174
691,655,122
691,1097,199
692,1153,4
692,561,16
692,503,199
692,299,199
692,204,204
692,123,220
692,488,199
693,13,158
693,262,199
693,1100,52
693,1113,78
694,1140,221
695,1187,255
695,1185,7283
695,1186,255
696,1118,888
696,24,22
696,36,122
696,138,4
696,430,4
696,525,36
696,743,122
696,774,122
697,828,223
697,770,255
697,1018,393
697,1097,199
697,723,441
697,286,223
697,349,203
697,304,159
697,297,515
697,48,146
697,468,434
698,199,122
698,614,122
698,620,411
698,724,263
698,748,431
698,926,199
699,760,365
699,582,365
699,353,365
700,129,460
700,131,174
700,204,207
700,415,22
700,793,1566
700,1012,8403
701,1013,179
701,1099,52
701,418,52
701,1011,52
701,304,159
701,62,132
701,339,880
702,63,122
702,37,122
703,284,365
703,395,365
703,708,357
704,1017,1831
704,1023,1540
704,890,122
704,348,2247
704,796,1048
704,732,878
704,198,878
706,1111,2
706,1188,36
706,1165,78
706,1156,241
706,6,68
707,35,434
707,469,24020
707,962,24020
707,1163,24020
707,1164,24020
708,1,28568
708,1190,343
709,336,365
709,592,4
710,723,156
710,651,534
710,363,307
710,317,301
710,539,204
711,266,172
711,530,199
712,800,143
712,1195,122
712,1000,122
712,959,122
712,634,158
712,535,365
712,530,199
712,274,4
713,668,36
713,479,143
713,288,1566
713,129,533
713,48,143
713,34,122
714,195,88
714,803,140
715,543,35912
715,401,357
716,552,221
716,662,119
716,741,122
716,865,88
717,383,17852
717,813,365
717,25,35993
717,337,183
719,103,290
719,112,97
719,288,4
719,312,221
719,567,16
719,1123,4
720,1012,97
720,293,298
720,1195,174
723,543,159
723,874,169
724,949,1669
725,434,4
725,783,206
725,1192,4
726,1007,5071
726,533,36585
726,952,227
726,339,97
726,230,1778
726,82,183
726,394,13109
727,415,357
727,94,143
727,331,36
728,276,4
728,1176,183
729,672,525
729,741,122
729,985,199
729,1008,1018
730,1001,220
730,570,122
730,894,429
731,33,508
731,446,82
731,836,508
731,997,3274
732,839,211
732,924,132
732,287,499
732,388,4
733,429,1511
734,973,143
735,655,122
735,201,178
736,691,174
736,836,199
736,956,199
737,1196,28574
737,1188,28574
737,1187,28574
737,1039,28568
737,1185,7283
737,415,28574
737,380,28574
737,319,28574
737,1,28568
737,692,368
738,463,3097
738,470,3097
739,588,301
739,118,170
739,930,878
739,9,159
740,1200,97
741,911,439
741,867,16502
741,822,199
741,654,486
741,499,441
742,952,227
742,541,227
742,379,2361
742,415,255
743,249,211
743,873,272
744,469,24020
744,1163,24020
744,1164,24020
744,1179,24020
744,1193,24018
745,67,204
745,991,962
746,1159,37312
747,1129,4
748,393,33667
748,655,33667
748,963,33667
748,964,33667
748,966,33667
748,967,33667
748,968,33667
748,969,33667
748,970,33667
748,971,33667
749,832,241
749,46,174
749,373,456
750,32,203
750,780,1216
751,1183,2348
752,348,156
752,599,143
752,928,143
753,1144,229
754,746,1720
755,1004,140
755,534,16
755,180,206
756,951,24405
757,753,4
757,1076,68
757,1174,4
758,1150,119
758,1076,122
758,924,896
758,726,199
758,543,221
758,388,206
758,336,2
758,322,122
758,38,199
758,672,447
759,89,24020
759,469,24020
759,610,119
760,794,68
760,151,68
760,409,212
760,1180,290
761,1181,206
761,1184,143
761,317,68
761,170,122
762,856,3097
762,1032,3097
762,1152,3097
763,411,36
763,879,140
763,998,143
764,1132,37929
764,1161,783
765,1162,199
765,877,146
765,379,335
766,50,434
766,518,83
766,691,174
766,705,66
766,863,239
766,866,78
766,917,78
766,1014,24
766,1096,227
766,1156,241
767,331,174
768,323,415
768,654,486
768,815,97
768,1045,415
769,1149,233
769,1125,2956
769,1007,178
769,901,912
769,786,637
769,189,365
769,533,365
769,27,430
770,1040,170
771,1086,7652
773,29,455
773,47,143
773,313,143
773,677,4
773,681,4
774,1157,199
774,517,417
774,516,199
774,981,52
774,200,211
774,22,202
774,708,299
775,378,91
775,682,91
776,379,357
777,582,122
778,174,486
779,707,36
779,993,122
779,1090,97
780,1010,204
780,740,932
780,139,324
780,313,143
780,166,186
780,27,430
780,512,324
781,340,199
782,1091,431
782,388,455
782,427,400
782,714,455
782,805,5285
783,429,777
784,179,156
784,247,512
784,399,122
784,533,199
784,1017,793
785,1060,36
785,1092,199
785,643,122
785,1152,140
785,1094,199
785,948,78
785,444,199
785,685,36
785,509,122
785,76,199
785,899,199
786,1165,38823
786,149,94
786,836,26383
787,853,174
788,11,97
788,12,460
788,384,68
788,430,431
788,710,449
788,927,339
788,929,521
788,930,940
788,931,878
788,1129,170
789,655,156
789,315,143
789,479,156
790,116,533
790,191,122
790,529,68
790,748,431
791,707,363
791,553,458
791,509,204
791,473,204
791,245,4
791,118,176
791,349,204
792,1180,299
793,399,4
794,1199,68
794,963,68
794,328,68
794,795,22
795,151,82
795,728,143
795,964,459
795,1179,488
795,1182,82
796,1059,357
796,1156,146
796,441,78
796,227,241
796,432,146
797,484,501
797,607,3096
799,728,39172
799,921,39172
799,996,39172
799,1148,400
799,1194,39172
801,334,122
801,1139,685
801,100,368
801,73,122
801,105,78
803,587,199
803,938,195
803,881,204
803,847,68
803,813,203
803,698,199
803,479,68
803,408,178
803,251,122
803,217,68
803,118,178
803,53,199
803,9,88
804,260,3
804,745,221
805,1174,122
805,778,431
805,196,158
805,131,199
807,648,146
807,480,861
807,175,6
807,112,16
807,204,204
808,827,140
809,587,233
809,866,78
809,633,434
809,623,544
809,617,357
809,463,8888
809,418,52
809,301,97
809,118,400
810,164,39614
810,622,119
811,783,1566
811,434,878
814,103,538
814,875,365
814,128,538
814,569,4
814,747,39789
815,1166,159
816,1139,3097
817,1127,1017
817,842,1013
817,773,4
817,434,365
817,170,431
817,718,221
818,306,122
818,347,16
818,815,97
818,816,441
819,1073,122
819,1009,3
819,354,220
819,546,2
819,473,204
819,305,122
819,723,119
820,594,78
821,35,475
822,609,430
822,837,932
822,824,932
822,678,455
822,671,932
822,644,223
822,602,122
822,44,932
822,523,172
822,388,455
822,63,179
823,640,143
824,1162,4
825,1143,13
825,806,159
825,111,16
825,537,4
825,538,4
827,767,204
828,1112,36
828,1175,36
828,1166,159
828,1071,36
828,264,23
828,450,36
828,259,365
828,92,143
829,1081,97
829,1119,143
830,617,199
830,462,203
830,559,122
830,219,365
830,58,206
830,49,179
831,944,3097
831,304,3097
831,1142,3097
831,195,3097
833,996,10025
834,1192,919
835,818,365
835,796,172
835,845,1056
835,84,263
835,312,455
836,1105,199
837,98,164
838,1122,91
838,1026,206
838,807,2
838,792,432
838,783,4
838,751,122
838,739,4
838,799,23
838,388,4
838,309,533
838,308,878
838,287,4
838,626,199
839,993,122
839,938,36
839,880,220
839,653,211
839,447,22
839,69,25
839,189,301
839,93,220
839,54,88
839,48,278
839,1015,220
840,621,143
840,1111,2
840,62,357
841,755,40711
841,959,40728
841,1091,40711
842,958,146
843,331,174
844,101,143
845,106,16
845,1044,264
845,1159,156
845,1171,156
846,831,91
846,557,2
846,656,122
846,377,434
847,158,882
847,665,168
847,896,456
847,1142,143
847,1159,143
849,896,2664
849,1159,228
850,354,505
850,860,36
851,591,2213
851,656,439
851,524,878
851,168,263
851,428,897
851,141,66
851,507,393
852,1042,896
853,1180,305
854,885,204
855,706,174
856,893,156
857,1005,122
857,803,143
857,74,122
857,643,122
858,279,221
858,1028,919
858,1067,7917
859,1,28568
859,1191,21
859,1198,28568
859,1200,36
860,509,203
860,1060,200
860,948,78
860,339,97
860,375,159
860,420,229
860,298,200
860,217,199
860,96,242
860,21,327
860,13,177
861,775,122
862,353,122
862,610,122
862,1193,122
863,787,503
863,678,88
863,611,455
864,180,122
864,664,264
864,1002,68
865,348,689
865,473,203
865,648,146
865,1065,159
865,1066,68
866,304,173
866,370,143
867,720,228
867,856,143
868,177,793
868,354,324
868,722,2507
868,847,793
869,99,41941
870,526,4
870,656,439
870,1000,227
872,759,199
872,768,263
872,61,190
873,1170,78
873,807,4
873,1153,174
873,597,122
873,443,206
873,335,119
873,741,119
874,1168,78
876,380,10683
877,1128,122
877,1005,119
877,654,242
877,377,179
877,29,434
877,443,179
878,332,42105
879,1191,36
880,817,3894
880,1110,781
881,579,178
881,615,97
882,1120,1714
882,1027,169
882,1015,6
882,907,499
882,722,199
882,388,455
882,373,122
882,343,266
882,27,430
883,73,1046
883,563,892
883,773,618
883,783,186
883,917,199
883,1075,239
884,549,7189
884,1141,439
884,353,122
884,402,299
885,1,36
885,339,97
885,827,140
885,871,36
885,972,122
885,1003,122
885,1063,143
885,1136,122
885,1148,143
885,1201,97
886,1006,3097
886,650,3097
886,533,3097
887,1045,122
887,1131,365
888,36,122
888,165,221
888,1118,888
889,74,366
890,1128,8287
890,423,431
890,945,2387
890,947,495
890,1078,129
891,329,42365
891,1195,211
891,1,36
892,1170,78
892,1118,146
892,1110,203
892,939,4
892,530,119
892,316,4
892,240,4
892,672,2
893,21,42381
893,1063,42378
894,646,122
894,791,263
894,721,190
894,454,3097
894,418,52
894,289,199
894,132,66
894,54,4
894,435,159
894,1162,179
895,346,221
896,30,4
896,90,156
896,252,431
896,425,517
896,543,122
896,636,119
896,743,119
896,894,159
896,1141,209
897,682,343
898,1193,122
899,130,42524
899,153,42524
899,274,119
899,289,396
899,305,442
899,308,9467
899,391,455
899,821,869
899,1124,897
900,995,3097
900,1032,183
901,789,961
901,781,894
901,792,878
901,115,434
901,43,2762
901,733,2903
902,794,270
904,601,42748
904,1191,42745
904,1197,334
905,149,199
905,1045,174
906,1138,278
906,1041,78
906,655,395
906,332,305
907,877,950
907,1155,888
907,1117,97
907,1063,143
907,841,122
907,737,4
907,592,534
907,543,122
907,321,395
908,447,22
908,528,199
908,671,158
909,1023,632
909,1010,199
909,562,307
910,288,1566
910,1160,2279
910,1169,1159
911,983,159
911,858,3097
911,1156,179
911,23,140
911,18,227
912,972,174
913,731,784
913,816,122
913,1199,869
914,804,199
914,1145,36
914,1016,143
914,939,119
914,783,4
914,519,4
914,614,2
914,574,88
914,421,199
914,767,199
915,67,494
915,647,7040
916,919,78
916,224,226
916,263,36
916,963,36
917,78,221
918,33,122
918,35,122
918,109,122
918,1195,122
919,1171,209
920,49,4
921,949,174
921,196,174
921,331,68
922,998,143
922,1178,78
922,1114,86
922,1099,52
922,999,143
922,962,68
922,953,14
922,872,199
922,466,159
922,444,395
922,208,928
923,355,2
923,541,227
923,598,343
923,742,122
923,774,199
923,1023,68
923,1126,2
924,892,1758
924,818,365
925,339,4343
925,1020,4343
925,1063,4343
926,595,122
926,680,78
926,1177,2
927,1195,122
927,196,68
927,951,36
929,45,146
929,730,488
931,79,1525
931,798,940
931,1023,772
932,889,227
932,923,122
932,375,159
932,554,263
932,724,263
932,159,210
932,245,266
932,320,414
932,467,210
933,254,687
933,1176,149
934,1067,533
934,905,486
934,882,36
934,870,199
934,576,204
934,993,122
934,188,4
934,154,2459
934,48,143
934,40,66
934,504,508
935,1100,228
935,945,242
935,855,3139
935,627,183
935,418,199
935,261,210
935,174,486
935,22,202
936,907,896
936,560,7478
936,80,980
937,502,16
938,1122,122
938,1002,523
938,665,1833
938,1077,156
938,210,1867
938,195,455
938,102,691
938,97,242
938,540,159
939,1090,97
939,445,159
939,21,36
940,76,122
940,1096,227
940,1135,227
941,339,97
942,1184,143
942,1020,143
942,1016,2
942,941,455
942,928,861
942,748,431
942,590,2
942,578,456
942,519,221
942,468,264
942,435,122
942,430,395
942,375,206
942,262,143
942,258,159
942,202,210
942,186,227
942,87,203
942,34,122
942,9,896
943,1135,227
943,594,122
943,45,145
944,70,178
944,245,4
945,382,691
945,474,156
945,929,156
946,1104,3342
947,2,36
947,577,417
947,1058,22
947,1172,68
948,1154,206
948,45,146
949,409,23
949,1179,488
949,1182,101
950,192,183
951,301,97
951,1147,174
952,679,2
952,525,122
952,435,159
952,668,36
952,208,159
952,251,122
952,170,431
952,56,186
953,760,204
954,282,22
955,957,174
955,1175,36
956,508,220
956,475,68
956,300,122
956,158,159
956,46,78
957,417,78
957,441,158
957,1050,143
957,1084,158
958,667,4
958,545,4
958,522,4
958,519,174
958,51,221
958,45,146
958,521,122
959,124,52
959,543,159
960,233,143
960,445,159
961,1141,122
962,1200,68
962,827,140
962,330,200
962,692,2341
962,794,143
963,165,68
964,176,691
964,180,122
964,665,156
964,894,159
964,1078,129
964,1159,143
965,781,499
965,675,859
965,387,455
965,84,206
965,308,917
966,601,3375
966,1191,66
967,1196,28568
967,1189,28568
967,1188,28568
967,1190,174
967,1185,958
967,915,28568
967,380,28568
967,1,28568
967,1186,28568
969,485,174
970,554,255
972,728,18504
972,816,441
973,157,3097
974,1184,143
974,506,122
974,739,307
974,41,4
974,182,4
975,1087,146
975,766,266
975,741,119
975,613,266
975,840,4
975,538,4
975,501,203
975,379,147
975,205,800
975,138,861
975,132,299
976,665,1872
977,805,158
977,672,574
977,773,4
978,330,200
978,834,290
979,402,156
979,728,34525
980,448,122
980,1139,400
981,778,2
981,1016,2
981,803,140
981,373,52
981,315,143
982,755,122
983,190,178
983,584,400
984,991,121
985,48,335
985,87,203
985,168,119
985,373,8607
986,960,343
988,388,431
988,428,551
988,725,204
989,331,68
989,1131,122
990,1031,119
990,950,183
990,1176,178
990,376,78
990,348,537
990,87,178
990,948,199
991,350,451
991,657,122
992,1167,147
993,1033,147
993,1020,46657
993,950,19173
993,767,46659
993,690,19173
994,628,183
994,468,158
994,83,158
994,97,156
994,8,150
994,344,88
995,513,343
996,740,264
996,1155,16
996,924,132
996,808,551
996,681,199
996,300,178
996,293,119
996,252,119
996,31,434
996,529,227
997,1136,122
998,1168,159
998,737,242
998,546,221
998,45,145
998,305,122
999,597,122
1000,875,2
1000,610,4
1000,568,4
1000,539,4
1000,378,91
1000,447,36
1000,125,4
1000,66,400
1001,1044,441
1001,748,431
1001,774,122
1001,532,178
1001,93,220
1002,434,2
1002,678,455
1002,747,266
1002,1160,8822
1003,1072,146
1003,1059,357
1003,982,275
1003,955,159
1003,766,3981
1003,621,140
1003,612,97
1003,608,2821
1003,413,143
1003,257,52
1003,615,97
1005,1182,101
1005,151,47026
1005,1046,2173
1006,192,183
1006,873,5418
1006,957,174
1007,329,179
1009,1034,2047
1009,1035,2407
1010,510,119
1010,949,78
1011,346,430
1011,353,24018
1011,996,206
1011,1141,441
1012,1064,233
1012,836,122
1012,737,122
1012,1145,36
1012,335,156
1012,149,68
1012,731,174
1013,548,122
1013,909,122
1013,988,499
1014,228,3343
1015,222,443
1015,895,143
1015,1069,146
1016,1079,1669
1016,147,1759
1016,464,233
1016,706,174
1016,1071,159
1017,818,365
1019,247,122
1019,435,4
1019,889,122
1019,1137,140
1020,951,24405
1021,4,229
1022,228,36
1022,1100,174
1023,872,68
1024,1069,119
1025,1154,174
1026,1055,159
1026,694,97
1027,1040,47642
1028,17,83
1028,26,158
1028,858,257
1028,954,200
1028,1053,22
1028,1061,839
1028,1079,275
1028,1112,178
1029,1093,183
1029,534,272
1029,1095,5436
1029,223,220
1030,1086,271
1030,447,36
1030,668,36
1030,427,940
1031,793,475
1031,1043,159
1031,1026,457
1031,980,432
1031,1085,1157
1031,719,439
1031,279,456
1031,67,556
1032,305,122
1032,589,97
1033,1102,36
1033,6,278
1034,1190,174
1034,1198,876
1035,1199,94
1035,925,52
1036,1161,143
1036,1003,199
1036,956,158
1037,1077,47708
1038,857,78
1038,1011,52
1038,1059,159
1039,823,278
1040,812,174
1040,1090,97
1040,91,1113
1040,338,97
1041,779,207
1041,66,447
1041,443,206
1042,1045,396
1042,1134,16
1043,188,4
1043,303,486
1044,196,68
1044,810,4
1044,1165,36
1045,1170,119
1045,1151,183
1045,1140,221
1045,637,122
1045,112,16
1045,536,266
1045,431,122
1045,592,431
1046,230,78
1046,1049,36
1047,1089,5071
1047,232,242
1048,1152,143
1048,1200,97
1048,1147,1747
1048,1052,314
1048,916,357
1048,948,1242
1048,800,140
1048,393,951
1049,473,345
1049,857,78
1049,539,170
1049,463,221
1049,285,88
1049,126,119
1050,1189,28574
1050,1188,28574
1050,1198,28568
1050,1196,28574
1050,1185,7283
1050,380,28574
1050,319,28574
1050,1186,28574
1050,1,28568
1051,123,211
1051,288,243
1051,1173,290
1052,48,122
1052,1134,1018
1053,942,343
1055,56,878
1055,1106,266
1056,1153,122
1056,1008,365
1056,171,145
1056,276,4
1058,858,257
1059,148,2
1059,536,266
1059,1090,3097
1060,827,4332
1060,1063,174
1060,1195,199
1061,713,396
1061,868,91
1061,229,36
1061,107,36
1061,46,178
1061,108,841
1062,353,272
1063,956,119
1063,937,78
1063,758,88
1063,323,119
1063,440,2
1063,261,210
1063,196,36
1063,34,78
1063,587,78
1064,904,183
1064,293,48936
1064,509,48929
1064,72,203
1065,1051,22
1065,1167,48964
1066,826,146
1067,728,140
1068,910,179
1068,913,66
1068,953,14
1068,1012,97
1068,1020,78
1068,1054,36
1068,1101,158
1069,676,455
1070,1187,255
1070,1,28568
1070,380,255
1070,1039,28568
1070,1185,7283
1070,1188,255
1070,1189,255
1070,1190,28568
1070,1196,255
1070,1197,290
1070,1198,28568
1071,849,3097
1071,128,3097
1071,663,3097
1072,330,39756
1073,335,119
1073,630,97
1073,672,447
1073,1089,178
1073,1169,119
1074,1140,24754
1074,698,220
1074,179,156
1075,1178,52
1076,802,68
1076,825,2373
1076,1037,2373
1077,31,435
1077,533,199
1077,679,122
1077,1170,78
1079,779,4451
1079,309,1566
1080,913,66
1082,35,122
1082,751,122
1082,916,168
1083,151,49510
1083,409,23
1083,1131,300
1084,748,158
1084,760,68
1084,809,2
1084,819,119
1084,888,3
1084,1016,2
1084,906,4
1084,920,88
1084,985,78
1084,722,122
1084,1106,119
1084,583,97
1084,169,158
1084,170,266
1084,208,122
1084,279,2
1084,291,4
1084,293,119
1084,388,4
1084,422,2
1084,439,78
1084,524,2
1084,133,2
1085,1190,343
1085,380,746
1086,33,122
1086,951,263
1086,1178,78
1087,1155,1611
1088,1183,221
1089,431,430
1089,720,119
1090,960,122
1091,109,143
1091,757,36
1092,90,2695
1093,698,140
1093,110,336
1093,375,159
1093,47,159
1094,1177,861
1095,1175,227
1095,1156,241
1095,488,227
1095,445,159
1095,959,122
1096,1176,174
1096,1086,36
1096,1041,78
1096,976,94
1096,946,36
1096,857,36
1096,225,143
1096,196,36
1096,151,174
1096,915,94
1098,150,2447
1098,692,101
1098,1105,2447
1098,1143,36
1099,734,434
1099,735,2178
1099,733,434
1099,458,266
1099,661,339
1101,933,4308
1101,72,203
1101,128,227
1101,215,97
1101,271,119
1101,463,357
1101,787,503
1102,1161,143
1102,925,119
1102,196,158
1103,293,1952
1104,645,2087
1104,972,7166
1104,1051,86
1105,1094,515
1105,918,174
1105,690,411
1105,414,78
1105,265,36
1105,264,310
1107,754,97
1107,1074,50309
1108,353,24018
1108,549,441
1108,642,24020
1108,897,24018
1109,1104,50468
1110,114,255
1110,684,2359
1110,878,50471
1110,1134,8804
1111,1031,140
1111,1087,146
1112,1024,206
1112,1184,143
1112,779,204
1112,821,423
1112,681,447
1112,425,446
1112,388,456
1112,360,458
1112,762,458
1113,1107,78
1113,1057,22
1113,1011,52
1113,466,158
1113,1054,36
1113,412,122
1113,226,220
1114,1073,122
1114,1021,365
1114,1017,1055
1114,819,434
1114,37,434
1114,34,434
1115,387,455
1115,842,859
1116,794,36
1117,740,122
1117,428,434
1117,988,431
1117,573,442
1117,783,499
1117,542,179
1117,377,122
1117,528,199
1117,132,457
1118,223,204
1118,251,122
1118,711,143
1118,760,204
1118,854,119
1118,947,204
1119,779,457
1119,488,2
1120,1026,3389
1121,579,178
1121,724,263
1121,1075,155
1122,1201,158
1123,1111,23
1123,1143,36
1124,737,122
1124,1141,122
1124,805,199
1124,656,122
1124,132,4
1124,351,122
1124,293,156
1124,196,122
1124,543,159
1125,445,159
1126,956,179
1128,686,97
1129,304,97
1130,324,36
1130,396,158
1130,415,204
1130,917,78
1130,1070,25
1130,1201,174
1131,956,241
1131,409,88
1132,336,122
1132,388,455
1132,1021,4128
1133,614,4
1133,771,956
1133,1043,159
1134,205,400
1134,626,447
1134,763,4
1134,906,4
1134,1153,122
1135,883,339
1136,1173,223
1136,1098,119
1136,844,204
1136,509,119
1137,879,36
1138,296,76
1138,649,97
1139,237,1196
1139,1027,97
1140,1038,185
1140,1145,36
1141,1122,996
1141,704,3097
1141,458,263
1141,498,223
1142,351,158
1142,374,178
1142,614,431
1143,33,122
1143,169,122
1144,1156,103
1144,1148,880
1144,951,174
1144,1201,174
1144,324,25
1144,233,140
1144,948,220
1145,791,263
1145,930,878
1145,931,4
1146,947,2470
1146,858,334
1146,655,25
1146,21,327
1146,22,6775
1146,296,51804
1147,1116,1264
1147,1063,174
1147,1195,174
1147,45,146
1147,301,97
1147,990,97
1147,350,451
1147,413,140
1148,403,231
1148,601,23
1148,1046,22
1148,1183,68
1150,1164,122
1151,1194,10025
1151,1136,10025
1151,1128,10025
1151,962,68
1151,729,488
1151,892,16
1151,331,23618
1151,921,10025
1152,109,174
1153,118,172
1153,896,455
1154,988,206
1154,1018,220
1154,993,393
1154,807,122
1154,499,122
1154,87,203
1154,709,169
1155,321,932
1156,363,919
1156,375,122
1156,599,143
1156,724,221
1156,901,919
1156,1082,505
1157,1174,122
1157,807,199
1157,379,147
1157,647,4
1157,434,396
1157,747,4
1159,504,91
1160,1099,179
1160,1070,179
1160,1178,179
1160,1105,179
1160,708,179
1160,697,179
1160,655,179
1160,515,179
1161,409,8998
1161,730,488
1161,946,8998
1161,1046,195
1162,263,68
1162,802,199
1164,800,140
1165,808,174
1165,466,159
1167,72,30420
1167,215,223
1167,553,143
1167,934,97
1168,1089,178
1169,292,159
1169,1034,763
1169,1036,1094
1170,683,455
1170,488,400
1170,1000,122
1170,1116,488
1170,139,520
1170,377,878
1170,306,122
1170,169,434
1170,379,357
1170,44,890
1171,994,3096
1171,312,3096
1171,170,3096
1171,118,158
1171,310,4
1172,545,4
1172,778,431
1172,1109,158
1172,633,158
1172,443,206
1172,133,4
1172,276,4
1172,199,2
1172,129,206
1173,1109,119
1173,1030,119
1173,635,199
1173,337,183
1173,829,122
1173,169,119
1174,951,24405
1175,921,88
1175,976,221
1176,86,2361
1176,448,292
1177,1146,68
1177,817,122
1177,478,88
1177,299,97
1177,118,172
1177,304,97
1178,1096,227
1178,463,357
1178,70,178
1178,69,25
1178,296,1087
1178,48,146
1179,283,52949
1179,961,211
1180,0,3
1181,1,117
1181,2,130
1181,3,149
1181,4,52
1181,5,130
1181,7,284
1182,8,291
1183,10,21
1183,11,40
1183,12,313
1183,13,40
1183,14,40
1183,15,40
1183,17,40
1183,18,40
1184,32,3
1184,29,508
1184,27,186
1184,26,488
1184,24,3
1184,23,511
1184,21,507
1184,20,89
1184,19,488
1185,33,638
1185,34,2
1185,35,651
1185,36,651
1185,38,655
1185,39,89
1186,41,701
1186,40,40
1187,43,89
1188,44,787
1189,64,575
1189,63,1009
1189,62,483
1189,61,575
1189,60,364
1189,65,956
1189,58,139
1189,57,143
1189,55,89
1189,59,139
1189,45,130
1189,49,640
1189,50,125
1189,52,115
1189,48,876
1190,70,393
1190,66,47
1190,67,80
1190,68,3
1190,69,509
1191,74,719
1191,71,435
1191,72,777
1192,75,3
1193,79,1775
1194,3,149
1194,80,4
1194,81,4
1195,86,1924
1195,85,406
1195,83,1922
1196,87,207
1197,93,1684
1197,95,1905
1197,96,435
1197,90,1370
1197,89,41
1198,104,454
1198,101,675
1198,99,675
1198,98,208
1198,100,209
1199,105,2279
1199,108,820
1199,109,691
1200,115,2519
1200,112,2495
1200,111,2504
1200,110,2484
1201,117,2525
1201,118,2525
1202,122,2
1202,123,243
1202,121,89
1203,135,458
1203,142,3076
1203,141,3103
1203,140,251
1203,138,3080
1203,137,2217
1203,136,208
1203,134,3061
1203,129,6
1203,132,930
1203,131,3063
1203,128,3062
1203,126,3060
1203,125,3047
1203,124,209
1203,133,209
1204,144,3147
1205,151,56
1205,150,949
1205,149,89
1205,145,52
1205,147,164
1206,153,153
1206,154,3360
1206,155,3352
1207,169,191
1207,168,97
1207,166,52
1207,164,1964
1207,162,89
1207,161,499
1207,159,1964
1207,158,1964
1208,171,514
1208,172,52
1210,179,552
1210,177,640
1210,178,47
1210,175,243
1210,174,3585
1211,180,188
1211,182,43
1211,184,205
1211,185,2
1211,186,2
1211,187,30
1211,188,2
1211,189,4
1212,195,371
1212,193,3836
1212,196,329
1212,191,3832
1212,190,3831
1213,197,263
1213,198,629
1213,199,208
1214,202,208
1214,203,4042
1214,204,89
1214,207,13
1214,208,4086
1215,210,252
1215,209,19
1216,211,5
1216,212,26
1216,213,40
1216,214,177
1216,215,136
1216,216,52
1216,217,26
1217,218,41
1217,219,41
1217,220,1
1217,221,41
1217,222,1
1218,229,575
1218,231,252
1218,228,399
1218,224,276
1218,226,122
1218,223,476
1218,225,427
1219,233,3883
1220,234,4743
1221,248,93
1221,247,93
1221,246,301
1221,244,301
1221,242,1761
1221,239,3914
1221,238,267
1221,236,514
1221,84,552
1221,241,3627
1221,240,3627
1222,260,4829
1222,256,2
1222,261,4781
1222,255,882
1222,258,4825
1222,253,202
1222,251,386
1222,249,241
1222,145,52
1223,266,4837
1223,264,4837
1223,262,9
1223,263,9
1224,267,4857
1224,268,684
1224,269,30
1225,277,497
1225,275,207
1225,272,388
1225,271,925
1225,273,917
1226,278,93
1226,280,4941
1226,281,4931
1226,282,4947
1226,283,4948
1226,284,4948
1226,285,4952
1226,286,4221
1226,287,4962
1226,288,4963
1227,291,209
1227,292,2
1227,221,41
1227,290,30
1228,293,597
1228,296,435
1228,297,223
1229,298,267
1230,303,5391
1230,301,1180
1230,302,159
1230,300,349
1231,304,987
1231,306,3281
1232,307,2608
1232,309,5486
1234,318,5
1234,321,7
1234,317,4
1234,315,4
1234,314,5501
1234,313,5501
1234,312,5501
1234,316,4
1235,332,40
1235,331,19
1235,330,10
1235,329,89
1235,328,1
1235,334,41
1235,323,89
1235,322,10
1235,327,41
1236,344,89
1236,341,104
1236,339,406
1236,336,56
1237,345,3843
1238,351,5801
1238,353,164
1238,352,121
1238,354,130
1238,350,745
1238,347,5785
1238,348,5788
1238,346,7
1238,320,1
1238,349,5800
1239,356,505
1239,357,305
1239,358,80
1239,360,40
1239,362,150
1239,363,267
1239,364,4
1240,369,48
1240,368,5921
1240,365,5921
1241,371,6049
1242,373,112
1242,375,1684
1242,376,6144
1243,382,164
1243,380,1725
1243,378,5492
1243,327,41
1243,379,44
1244,221,80
1244,281,1742
1244,383,499
1244,384,262
1244,386,6261
1244,387,1742
1244,389,80
1244,390,6275
1245,392,45
1245,394,164
1246,75,266
1246,240,4747
1246,242,1761
1246,243,1761
1246,395,19
1246,396,3
1247,397,2189
1248,398,388
1248,400,3289
1248,401,6539
1249,408,6608
1249,409,6545
1249,407,323
1249,404,6620
1249,403,6575
1249,405,6586
1250,410,301
1250,414,206
1250,415,2675
1250,416,40
1251,425,568
1251,424,6815
1251,423,228
1251,418,252
1251,420,5300
1251,417,108
1251,421,2634
1252,432,427
1252,436,709
1252,433,3396
1252,434,620
1252,429,89
1252,428,139
1252,427,1891
1252,426,129
1252,430,159
1253,440,198
1253,439,47
1253,438,109
1254,442,11
1254,443,11
1254,445,11
1255,449,52
1255,448,527
1255,450,130
1255,446,7036
1255,447,7036
1256,75,7127
1256,451,7127
1257,452,52
1257,454,21
1257,455,80
1258,456,3175
1259,462,1958
1259,463,2109
1259,465,21
1259,459,1614
1259,458,121
1259,457,1302
1259,127,209
1261,475,94
1261,474,2
1261,473,7384
1261,476,3
1261,471,7384
1261,470,7384
1261,469,7384
1261,472,7384
1262,477,1977
1262,478,192
1263,474,2093
1264,486,7568
1264,488,2
1264,487,19
1264,483,19
1264,481,603
1264,484,19
1265,489,1636
1265,490,281
1265,491,7594
1265,492,7595
1265,494,7598
1265,495,7596
1265,496,7601
1266,500,225
1266,501,2304
1266,497,1280
1266,498,114
1267,503,7606
1267,505,7690
1267,506,3872
1267,508,7676
1268,509,462
1269,512,395
1269,511,232
1271,519,56
1271,518,4
1271,517,157
1271,344,399
1271,515,206
1271,514,707
1272,524,3
1272,523,940
1272,526,89
1272,522,26
1273,533,8365
1273,530,2238
1273,535,8410
1273,529,8379
1273,527,115
1273,531,1277
1274,536,93
1274,537,940
1274,538,2009
1274,539,940
1275,540,2207
1275,541,108
1275,543,52
1276,545,202
1276,546,8568
1277,384,80
1277,547,2
1277,548,406
1278,551,228
1279,553,2331
1279,555,3
1280,558,415
1280,560,40
1280,557,415
1280,277,52
1280,12,52
1280,556,21
1281,561,52
1282,575,4837
1282,573,4837
1282,572,4837
1282,571,4837
1282,570,4837
1282,568,9
1282,567,4837
1282,566,4836
1282,262,9
1283,576,8781
1284,582,208
1284,580,640
1284,581,323
1285,586,8977
1285,584,1079
1285,211,972
1285,3,1059
1285,327,8977
1285,81,151
1286,588,1237
1287,590,2171
1287,591,476
1287,592,316
1288,593,471
1288,594,3
1288,595,153
1288,597,9132
1289,599,238
1290,600,208
1291,603,3
1291,601,47
1291,602,262
1292,86,202
1292,604,9337
1292,605,7477
1293,606,89
1293,607,9369
1294,612,4985
1294,611,4985
1294,609,19
1294,610,209
1295,617,717
1295,616,206
1295,615,130
1296,618,4
1296,619,7476
1296,620,4
1296,621,80
1297,632,115
1297,631,21
1297,629,56
1297,628,262
1297,625,599
1297,622,9604
1297,10,347
1297,626,118
1298,635,30
1298,634,207
1298,636,30
1299,638,12
1299,637,12
1299,639,12
1300,643,9685
1300,644,9686
1301,647,161
1301,648,152
1301,649,130
1301,650,6
1302,654,407
1302,651,153
1302,652,153
1302,653,407
1303,659,1903
1303,658,2206
1303,656,19
1303,655,9791
1303,657,207
1304,660,399
1304,661,9845
1306,664,80
1306,555,10086
1307,674,10167
1307,673,4768
1307,671,10090
1307,675,10175
1307,670,30
1307,672,10150
1307,667,233
1307,666,10118
1307,665,10100
1307,342,129
1308,676,52
1308,678,41
1308,680,143
1309,688,267
1309,687,527
1309,684,267
1309,681,203
1309,269,471
1309,683,3733
1310,694,151
1310,693,6
1310,692,162
1310,690,2
1310,220,2
1310,2,130
1311,698,2
1311,695,18
1311,696,2263
1311,699,10371
1312,703,568
1312,704,10
1312,702,2
1312,72,11
1312,701,18
1313,708,456
1313,706,10509
1313,707,10520
1313,44,10499
1313,705,10493
1315,710,52
1316,713,47
1316,714,3572
1316,712,10555
1316,267,115
1316,461,386
1316,711,435
1317,718,5014
1317,39,80
1317,173,80
1317,311,80
1317,550,1425
1317,716,80
1317,717,80
1318,721,206
1318,720,52
1319,722,41
1319,723,30
1319,725,228
1319,726,44
1319,729,44
1321,734,229
1321,733,52
1321,372,2
1322,735,1829
1322,736,1
1322,737,401
1322,739,184
1323,745,510
1323,746,10888
1323,744,10888
1323,748,642
1323,749,499
1323,743,763
1323,741,10888
1323,740,10888
1323,415,510
1323,262,9
1324,753,267
1324,752,177
1324,750,115
1324,751,10899
1325,754,1929
1325,755,301
1326,757,298
1327,758,122
1328,761,1833
1329,639,11224
1330,762,1152
1331,717,11233
1332,763,56
1332,764,153
1334,314,100
1334,767,164
1335,242,4747
1335,243,4747
1335,768,620
1336,775,13
1336,773,11501
1336,774,7
1336,772,19
1336,770,97
1336,67,82
1336,771,552
1337,221,80
1337,238,80
1337,776,19
1337,777,354
1338,596,1640
1339,778,105
1340,413,206
1340,779,240
1341,147,164
1342,782,93
1343,42,4837
1343,262,4837
1343,571,4837
1343,783,4837
1343,784,4837
1344,550,12278
1345,786,108
1345,787,435
1346,781,285
1346,788,624
1347,785,1425
1348,792,7
1348,793,3831
1348,790,3831
1349,93,217
1349,95,1
1349,794,439
1349,795,12
1349,796,435
1350,799,7
1351,805,3
1351,803,682
1351,801,89
1351,715,372
1351,385,3334
1351,280,3
1351,802,225
1352,807,47
1352,808,566
1352,809,208
1353,810,13
1353,812,28
1354,815,56
1355,314,267
1356,818,5
1356,820,177
1356,821,5
1357,327,41
1357,823,7
1358,555,3966
1359,828,1119
1361,831,13194
1362,452,4
1362,629,499
1362,764,56
1362,832,13
1362,834,13220
1363,835,4
1363,836,13259
1363,837,12
1365,75,3
1366,841,5022
1366,840,2268
1368,843,4
1370,845,32
1370,846,209
1370,847,2207
1372,3,151
1372,848,27
1374,849,47
1376,854,499
1376,853,144
1377,855,1172
1377,856,205
1377,858,41
1378,861,13798
1380,863,26
1381,868,510
1381,866,47
1381,865,89
1381,207,13
1381,864,100
1382,869,435
1382,870,435
1384,872,13985
1385,874,949
1385,875,675
1386,878,21
1387,784,82
1388,880,14169
1388,883,14169
1389,886,636
1389,888,14183
1389,889,14183
1389,890,14183
1389,891,1675
1391,843,4
1391,893,90
1392,896,575
1392,897,89
1392,895,1685
1393,901,354
1393,903,575
1393,898,624
1393,899,14428
1394,262,9
1394,263,9
1395,905,502
1395,906,300
1396,106,115
1396,753,597
1397,127,14651
1397,571,4
1397,909,80
1397,910,7
1397,911,1280
1397,912,97
1398,302,159
1398,913,281
1398,915,575
1399,916,19
1399,917,44
1401,442,153
1401,919,29
1402,922,396
1404,442,9
1405,281,153
1405,923,12
1406,488,2
1407,926,6
1407,683,1080
1408,82,1742
1408,221,166
1408,281,1742
1408,505,1471
1408,598,8672
1408,927,1742
1408,928,1742
1410,386,80
1410,930,15101
1410,931,93
1411,416,510
1411,932,3647
1412,221,41
1413,280,82
1413,715,80
1413,934,40
1414,777,12
1415,267,2238
1415,935,5528
1415,936,115
1416,95,1
1417,938,130
1418,944,1636
1418,943,100
1418,941,8388
1419,220,2
1419,946,115
1419,947,193
1420,949,2
1421,566,1940
1421,596,89
1421,954,7
1421,955,237
1423,956,21
1423,957,15894
1424,958,15895
1424,959,575
1425,960,205
1426,973,2237
1426,972,108
1426,971,10
1426,970,97
1426,969,15992
1426,968,232
1426,965,15991
1426,964,44
1426,963,575
1426,962,1409
1426,961,435
1426,966,44
1427,974,1
1428,975,41
1428,3,5
1429,976,3
1431,153,3578
1432,211,44
1433,979,6878
1433,99,675
1435,981,16402
1435,982,407
1436,550,9113
1438,207,13
1438,625,202
1438,985,16433
1438,987,16433
1439,991,508
1439,990,575
1439,989,640
1439,988,1046
1440,342,3831
1441,75,3
1441,243,3
1441,384,1
1441,777,3
1441,993,3
1442,3,151
1442,277,9
1442,684,9
1443,994,208
1445,996,2870
1446,997,281
1446,998,353
1446,999,16606
1448,753,1633
1448,1000,3673
1449,1001,16833
1449,1004,16835
1449,1005,16835
1450,1009,16840
1450,1008,4735
1450,1007,1266
1451,1011,21
1451,1013,186
1452,1014,97
1452,1016,232
1452,1018,47
1452,1019,13
1453,1020,509
1453,1021,97
1453,1022,13
1453,1023,9
1455,222,125
1456,1025,93
1456,1026,575
1456,1027,435
1457,242,510
1458,1031,4
1458,1030,4
1458,1029,6
1458,683,4
1458,144,4
1459,1032,575
1459,1033,161
1460,1038,1332
1460,1039,568
1460,1037,2197
1460,796,89
1460,1034,89
1460,1036,435
1461,207,13
1461,320,97
1463,49,7722
1463,1040,3377
1463,1041,3377
1464,785,1934
1466,1044,407
1468,1047,4315
1468,1048,745
1468,1049,989
1468,1051,2399
1469,820,56
1469,1052,2455
1469,1053,265
1469,1054,1280
1470,1061,159
1470,1059,5
1470,1058,7
1470,1057,7
1470,1055,95
1470,211,5
1471,268,115
1471,1064,97
1474,269,97
1475,843,150
1477,314,100
1477,1066,586
1477,1067,19
1477,1068,263
1478,505,640
1478,1069,7722
1479,144,56
1480,1071,115
1480,1072,19255
1481,1074,364
1481,1073,164
1481,394,41
1481,843,4
1481,320,19354
1481,221,41
1481,361,44
1482,861,19394
1482,1075,3359
1483,1076,740
1484,452,52
1484,1077,149
1485,1078,1827
1485,717,80
1485,311,80
1485,715,80
1485,716,80
1486,416,510
1487,717,19598
1487,386,80
1487,311,19598
1487,239,80
1488,1079,3831
1489,1080,4
1491,1085,27
1491,1083,159
1491,1082,407
1491,1084,3699
1491,372,2
1491,571,52
1492,254,135
1492,684,8
1492,1029,6
1493,311,100
1493,784,713
1494,629,90
1495,1087,26
1497,798,4
1498,277,177
1499,104,41
1499,106,4
1499,1088,640
1499,1089,93
1499,1090,2385
1500,1091,435
1501,269,97
1501,625,97
1502,550,1425
1503,1096,9132
1503,1095,6244
1503,1094,6244
1503,1092,20394
1504,1097,151
1504,1098,2
1504,1099,246
1504,1100,52
1504,1101,11
1504,1102,40
1505,1103,20438
1505,1104,388
1506,1105,1626
1508,451,367
1508,782,367
1508,756,20847
1508,244,19
1508,221,367
1509,1107,4
1509,1108,1566
1510,799,8716
1511,735,27
1511,1111,27
1511,1112,5
1512,1114,21007
1513,1116,262
1513,1118,745
1513,1119,21
1514,173,80
1515,1121,89
1516,484,208
1516,1123,492
1518,1125,435
1519,1126,7477
1519,1127,1573
1519,784,7477
