uid,sid
0,706
0,1256
0,1337
0,1414
0,1496
0,1508
1,212
1,213
1,518
1,584
1,1008
1,1254
1,1451
2,465
2,467
2,503
2,559
2,593
2,604
2,630
2,660
2,686
2,689
2,751
2,760
2,785
2,871
2,893
2,902
2,904
2,1065
2,1088
2,1097
2,1116
2,1148
2,1262
2,1278
2,1279
2,1288
2,1291
2,1306
2,1316
2,1320
2,1326
2,1358
2,1371
2,1436
2,1502
3,63
4,276
5,183
6,492
6,909
6,930
6,1301
6,1397
7,587
8,481
9,556
9,745
9,1253
9,1305
9,1379
9,1406
10,1158
10,1165
11,432
12,1076
13,25
13,30
13,253
13,440
13,469
13,598
13,610
13,721
13,730
13,733
13,746
13,801
13,837
13,844
13,845
13,847
13,869
13,890
13,938
13,976
13,994
13,1075
13,1149
13,1184
13,1229
13,1353
13,1447
13,1448
13,1456
13,1460
13,1467
14,766
14,1193
15,452
16,49
16,808
16,1129
17,700
17,725
17,875
17,988
17,1132
18,711
18,1233
18,1286
18,1341
19,1073
20,238
20,1346
22,635
22,1025
22,1281
23,122
23,1118
23,1401
24,313
24,818
25,13
25,212
25,302
25,469
25,488
25,518
25,621
25,721
25,733
25,746
25,755
25,781
25,801
25,804
25,837
25,845
25,864
25,919
25,938
25,964
25,1191
25,1197
25,1207
25,1241
25,1269
25,1345
25,1368
25,1447
25,1448
25,1451
25,1456
25,1459
26,499
27,1010
27,1122
28,229
28,305
28,1420
29,1461
30,13
30,469
30,518
30,598
30,599
30,610
30,647
30,721
30,730
30,746
30,754
30,801
30,807
30,844
30,845
30,864
30,938
30,976
30,1024
30,1037
30,1066
30,1149
30,1153
30,1191
30,1197
30,1207
30,1312
30,1353
30,1456
30,1460
30,1516
31,87
31,216
31,443
33,879
33,966
34,1281
34,1406
34,1499
35,457
35,652
35,731
35,763
35,1083
35,1125
35,1214
35,1277
35,1291
35,1443
35,1503
36,1071
38,277
38,1173
39,150
39,151
39,954
40,289
40,312
40,482
40,512
40,519
40,542
40,606
40,765
40,772
40,850
40,898
40,1090
40,1143
40,1241
40,1276
40,1379
40,1385
40,1433
41,504
41,892
41,1084
41,1171
41,1322
41,1364
42,1091
42,1193
43,1426
44,1004
44,1006
44,1231
44,1384
45,497
47,312
47,562
47,606
47,850
47,1059
47,1204
47,1241
48,1022
48,1277
49,16
49,535
49,705
49,808
49,876
49,1129
49,1200
49,1202
49,1235
49,1303
49,1328
49,1365
50,256
50,510
50,654
50,1283
51,414
51,834
51,1259
52,1291
52,1443
53,496
53,727
53,921
53,1330
53,1342
54,450
54,540
54,990
54,1093
54,1177
54,1360
54,1398
55,877
56,351
56,549
56,584
56,739
56,752
56,1476
57,464
58,957
58,1383
59,1440
60,573
60,617
60,622
60,678
60,695
60,708
60,737
60,859
60,962
60,967
60,1034
60,1050
60,1070
60,1085
60,1123
60,1221
60,1246
60,1335
60,1457
61,1022
61,1277
62,765
63,3
64,1077
65,120
65,178
65,241
65,297
65,305
65,400
65,415
65,467
65,582
65,673
65,743
65,1026
65,1105
65,1443
66,709
66,1479
67,464
67,1234
67,1364
68,269
68,779
68,1424
68,1471
69,1257
70,235
71,699
72,1474
73,505
74,547
74,551
74,1136
75,181
75,218
76,1245
77,747
77,820
77,942
78,392
78,614
78,735
78,776
78,1121
78,1354
78,1377
79,937
79,1415
80,555
80,587
80,887
80,944
80,1086
80,1259
81,1291
82,958
83,696
83,824
83,888
83,894
83,1079
83,1216
83,1263
83,1308
83,1356
84,1273
85,158
85,825
85,924
85,1513
86,369
86,575
86,883
86,1055
86,1455
87,31
87,216
87,235
87,367
87,455
87,555
87,611
87,694
87,1039
87,1069
87,1319
87,1370
87,1422
88,691
88,780
88,805
88,873
88,1082
88,1294
89,466
89,1434
89,1506
90,608
90,745
90,830
90,943
90,1031
90,1103
91,185
92,470
92,765
93,977
93,1404
94,823
94,963
94,1185
94,1311
95,138
95,1189
96,212
96,478
96,584
96,586
96,589
96,788
96,845
96,945
96,1008
96,1367
97,415
97,785
97,906
97,1091
97,1361
97,1363
98,669
98,936
99,449
99,560
99,926
99,1081
99,1515
100,122
100,615
100,826
100,1037
100,1115
100,1353
101,1056
102,468
102,523
102,648
103,314
103,407
103,936
103,1419
104,681
104,772
105,1031
105,1103
105,1295
105,1333
106,687
106,779
107,266
107,1186
107,1423
107,1483
108,399
108,583
109,712
109,1043
109,1407
110,645
110,1346
110,1412
111,350
112,117
112,301
112,572
112,664
112,697
112,714
112,790
112,827
112,842
112,857
112,882
112,923
112,928
112,953
112,1069
112,1157
112,1180
112,1236
112,1258
112,1285
112,1289
112,1357
112,1494
113,619
114,174
114,212
114,213
114,398
114,478
114,584
114,586
114,752
114,788
114,802
114,1008
114,1500
115,483
115,539
115,580
115,707
115,744
115,759
115,862
115,884
115,972
115,1011
115,1108
115,1223
115,1282
115,1323
115,1343
115,1394
115,1462
116,845
116,1448
117,112
117,874
117,882
117,1036
117,1069
117,1271
117,1520
118,747
118,820
118,958
118,1017
119,447
119,639
119,1350
120,65
120,1443
121,415
121,582
121,646
121,652
121,911
121,947
122,23
122,100
122,217
122,519
122,826
122,866
122,1346
122,1404
122,1415
122,1453
123,672
123,925
123,955
123,1278
124,474
124,716
124,1087
125,159
126,620
126,772
127,168
127,209
127,513
128,129
128,355
128,848
128,1140
128,1493
129,128
129,355
129,848
129,929
129,1140
129,1493
130,525
130,1032
130,1094
131,880
131,1472
132,243
132,1099
133,880
133,1472
134,1120
135,699
135,791
136,872
137,167
137,638
137,918
138,95
138,1189
139,239
139,626
139,985
140,998
141,1511
142,940
142,1202
143,199
143,508
143,625
143,1126
144,572
144,709
144,1243
145,984
145,1155
146,471
146,798
147,1217
147,1300
148,569
148,598
148,610
148,749
148,1197
148,1448
149,697
149,882
149,1492
150,39
150,151
150,954
151,39
151,150
151,954
152,625
153,798
153,956
153,1352
154,747
154,1147
154,1419
155,342
155,920
156,205
156,306
156,1391
157,1170
158,85
158,825
158,1513
159,125
159,215
159,1224
160,192
160,969
160,1142
161,572
162,1501
163,728
164,687
165,475
165,618
165,782
165,1217
166,613
166,946
166,1054
166,1076
166,1109
166,1182
166,1302
167,137
167,638
167,918
168,127
168,209
168,513
169,600
169,811
170,1198
172,294
172,435
172,716
172,1375
173,585
174,114
174,584
174,890
174,1008
175,971
176,1114
177,181
177,433
178,65
178,490
178,565
178,722
178,756
178,1020
178,1078
178,1174
178,1188
178,1443
179,1064
179,1091
180,267
180,597
180,607
180,1315
181,75
181,177
181,218
181,316
181,1327
182,248
182,554
182,743
182,1104
182,1131
182,1482
182,1514
183,5
183,765
184,799
184,1237
185,91
185,1117
186,187
186,588
187,186
187,1051
188,991
189,1114
190,852
190,1053
190,1201
190,1387
190,1430
191,262
191,1378
192,160
192,475
193,988
194,969
195,473
195,569
195,615
195,829
195,1217
196,1217
196,1453
196,1507
197,447
197,753
197,900
197,973
197,1104
198,715
198,830
198,1295
199,143
199,1126
200,1029
200,1443
201,326
201,794
201,1057
201,1206
201,1219
201,1244
201,1293
201,1313
201,1408
201,1478
202,229
202,241
202,382
202,448
202,568
202,582
202,640
202,718
202,1290
202,1339
202,1443
203,574
203,1098
203,1344
204,1067
205,156
205,1424
206,895
206,920
206,1069
206,1203
206,1304
206,1488
207,806
207,832
207,937
207,1002
207,1134
207,1239
208,806
208,832
208,895
208,937
208,959
208,1002
208,1090
209,127
209,168
209,513
210,838
210,896
210,1112
210,1114
210,1164
210,1181
210,1409
210,1511
211,348
211,814
211,815
211,1052
211,1069
211,1100
211,1154
211,1260
211,1376
212,1
212,25
212,96
212,114
212,213
212,498
212,549
212,584
212,586
212,721
212,752
212,802
212,844
212,987
212,1367
212,1500
213,1
213,114
213,212
213,584
213,1008
215,159
216,31
216,87
217,122
217,561
217,821
217,1159
218,75
218,181
218,433
219,1450
220,544
220,1077
220,1264
220,1375
221,1303
222,623
223,908
223,1172
223,1389
223,1442
224,225
224,724
225,224
225,724
226,514
226,961
226,1509
227,415
228,280
228,305
228,354
228,456
228,658
228,1028
228,1058
229,28
229,202
229,456
229,521
229,796
229,1503
230,564
230,656
230,1439
231,603
231,979
231,992
231,1232
231,1318
231,1380
231,1449
232,485
232,591
232,629
232,665
232,734
232,748
232,912
232,1209
232,1210
232,1317
232,1331
232,1485
232,1487
233,971
233,1071
233,1402
234,576
234,1093
234,1296
235,70
235,87
235,430
235,491
235,576
235,971
235,1093
235,1102
235,1369
235,1402
236,1071
236,1154
236,1271
237,529
238,20
239,139
239,626
239,985
240,408
240,484
240,582
240,1138
240,1363
241,65
241,202
241,521
241,652
241,978
241,1291
241,1443
242,1015
243,132
244,723
244,865
244,983
244,1133
244,1208
244,1230
244,1395
245,504
246,822
247,1202
248,182
249,685
249,1340
250,661
250,1089
250,1292
250,1519
252,601
253,13
253,302
253,599
253,674
253,781
253,845
253,919
253,964
253,994
253,995
253,1349
253,1448
253,1456
253,1460
254,391
254,494
254,562
254,664
254,704
254,1272
254,1281
256,50
256,476
256,654
256,1283
257,1470
258,766
258,1178
259,981
259,996
259,1049
260,369
260,482
260,541
260,606
260,647
260,684
260,692
260,762
260,797
260,867
260,1055
260,1074
260,1197
260,1204
260,1375
260,1484
261,594
261,742
261,889
261,1205
262,191
263,359
263,409
263,835
263,867
263,994
263,1298
263,1392
263,1415
263,1512
265,407
265,519
265,710
265,910
265,1217
265,1249
265,1419
266,107
266,1423
266,1483
267,180
267,597
267,607
267,1071
267,1315
267,1332
268,892
269,68
269,1023
269,1071
269,1093
270,801
270,845
270,869
270,1194
270,1382
270,1447
271,502
271,1009
271,1169
273,540
273,651
273,1167
274,1443
275,1480
276,4
277,38
278,885
278,922
279,282
279,451
279,458
279,577
279,602
279,634
279,642
279,770
279,792
279,853
279,968
279,1007
279,1027
279,1195
279,1299
279,1329
279,1431
280,228
280,336
280,567
281,544
282,279
283,1212
284,1243
285,766
285,948
285,1044
285,1375
286,1291
287,422
287,510
287,710
287,933
287,1061
287,1107
288,1243
288,1479
289,40
290,293
290,579
290,1438
291,489
291,1096
291,1175
291,1445
292,861
292,1471
293,290
293,542
293,562
293,606
293,611
293,664
293,682
293,791
293,812
293,863
293,932
293,1019
293,1041
293,1077
293,1183
294,172
295,1324
296,521
297,65
297,1014
298,934
299,1465
299,1473
300,641
300,1366
301,112
301,356
301,572
301,676
301,697
301,741
301,758
301,790
301,815
301,827
301,882
301,923
301,953
301,1052
301,1157
301,1236
301,1258
301,1285
301,1357
301,1475
301,1492
302,25
302,253
302,469
302,518
302,571
302,621
302,721
302,801
302,845
302,849
302,864
302,890
302,919
302,938
302,964
302,976
302,994
302,1196
302,1207
302,1228
302,1241
302,1242
302,1368
302,1451
302,1459
303,531
303,1071
303,1297
303,1451
304,813
305,28
305,65
305,228
305,457
305,582
305,736
305,839
305,1028
305,1095
305,1130
305,1144
305,1265
305,1291
305,1443
305,1490
306,156
306,546
306,793
306,1259
306,1480
307,1114
307,1215
307,1469
308,443
308,676
308,697
308,741
308,923
308,953
308,991
308,1052
308,1236
308,1245
309,515
309,569
309,749
309,784
309,1399
309,1432
310,313
310,512
310,994
310,1266
310,1339
310,1412
311,1404
312,40
312,47
312,655
312,850
312,1143
312,1433
313,24
313,310
313,818
314,103
314,553
314,769
314,779
314,819
314,1404
314,1458
315,419
316,181
317,563
317,1168
317,1198
317,1437
318,952
319,520
319,704
319,719
319,761
319,789
319,917
319,1252
319,1426
319,1440
319,1491
319,1505
320,925
320,1443
321,428
321,506
321,595
321,893
321,1291
323,767
323,931
324,778
324,1190
325,528
325,706
325,1033
325,1256
325,1337
325,1373
325,1400
325,1414
325,1496
325,1508
326,201
326,1057
326,1206
326,1219
326,1244
326,1293
326,1313
326,1408
326,1478
327,875
328,1498
329,671
329,1501
330,331
331,330
332,457
332,582
332,1030
332,1267
332,1277
332,1316
333,460
333,669
333,1404
334,461
334,1248
334,1435
334,1468
335,925
335,1290
335,1383
336,280
336,408
336,581
336,646
336,653
336,1113
336,1278
336,1291
337,1405
338,487
338,1063
338,1480
339,807
340,845
341,704
341,791
341,1275
342,155
342,764
343,579
343,635
343,1119
343,1166
343,1167
344,412
344,931
345,407
345,710
345,1249
345,1419
346,952
347,352
347,534
347,582
347,596
347,701
347,718
347,766
347,826
347,891
347,911
347,980
347,1042
347,1127
347,1139
347,1162
347,1287
347,1351
347,1378
347,1452
348,211
349,772
349,826
349,1255
349,1386
350,111
350,914
350,1017
350,1498
351,56
351,1018
352,347
352,643
352,681
352,775
353,1265
354,228
354,1106
355,128
355,129
355,848
355,929
355,1140
355,1493
356,301
356,636
356,697
356,773
356,923
356,1258
356,1289
356,1475
358,524
358,627
358,668
358,675
358,950
358,1021
358,1029
358,1072
359,263
359,1243
359,1298
360,501
360,793
360,1063
361,362
361,462
361,472
361,545
361,605
361,833
361,839
361,993
361,1068
361,1080
361,1151
361,1250
361,1411
361,1425
361,1444
361,1482
361,1486
362,361
362,457
362,545
362,743
362,893
362,944
362,1193
362,1482
363,435
363,677
363,690
363,893
363,1046
363,1291
363,1413
363,1482
364,1418
367,87
367,687
367,1396
367,1403
368,872
368,1112
369,86
369,260
369,762
369,1055
370,422
370,566
370,817
370,975
370,1045
370,1428
371,557
371,951
371,1238
372,453
372,454
372,463
372,467
372,1048
372,1291
373,1000
376,688
376,986
376,1012
376,1111
376,1150
376,1187
376,1314
376,1388
377,1261
377,1379
377,1385
378,729
378,1272
379,679
379,1274
380,481
380,720
380,930
380,980
381,415
381,1091
381,1193
381,1270
382,202
383,480
383,500
383,530
383,616
383,905
383,927
383,939
383,989
383,1421
384,1146
385,667
385,672
385,836
385,893
385,1410
386,415
386,717
386,743
386,1104
386,1110
386,1214
386,1226
386,1348
386,1443
386,1482
386,1514
387,484
387,581
387,595
387,653
387,703
387,803
387,878
387,947
387,960
387,1003
387,1291
387,1316
387,1363
388,896
388,1409
390,1372
391,254
391,494
391,515
391,538
391,649
391,664
391,680
391,682
391,704
391,729
391,775
391,777
391,791
391,812
391,851
391,1019
391,1041
391,1135
391,1172
391,1183
391,1199
391,1204
391,1215
391,1218
391,1220
391,1272
391,1274
391,1275
391,1281
391,1321
391,1438
391,1481
392,78
393,1222
394,766
394,1178
395,530
395,533
395,550
395,786
395,903
395,1062
395,1137
395,1510
396,467
396,672
396,1291
397,570
397,624
397,1517
398,114
399,108
399,583
399,644
400,65
400,640
400,1047
401,628
401,855
401,1213
402,1225
403,1204
404,1491
406,511
406,843
406,997
406,1192
406,1338
406,1495
406,1497
407,103
407,265
407,345
407,422
407,475
407,512
407,519
407,553
407,590
407,662
407,710
407,800
407,816
407,858
407,868
407,1156
407,1222
407,1249
407,1266
407,1362
407,1419
408,240
408,336
408,618
408,826
408,1030
408,1152
408,1193
408,1243
408,1291
408,1443
409,263
409,486
409,835
409,1298
409,1378
410,537
411,426
411,640
411,657
412,344
412,526
412,662
412,1419
413,1416
414,51
414,713
414,1419
415,65
415,97
415,121
415,227
415,381
415,386
415,448
415,462
415,463
415,532
415,543
415,581
415,582
415,595
415,631
415,632
415,637
415,640
415,646
415,652
415,653
415,693
415,717
415,731
415,736
415,738
415,740
415,743
415,753
415,766
415,774
415,782
415,785
415,803
415,828
415,906
415,911
415,916
415,925
415,935
415,947
415,960
415,1003
415,1016
415,1040
415,1046
415,1048
415,1083
415,1091
415,1095
415,1104
415,1110
415,1113
415,1193
415,1214
415,1226
415,1262
415,1270
415,1278
415,1291
415,1303
415,1348
415,1375
415,1410
415,1427
415,1429
415,1443
415,1463
415,1482
416,657
417,720
418,1383
419,315
420,798
421,507
421,798
421,956
421,1352
422,287
422,370
422,407
422,566
422,791
422,814
422,817
422,975
422,1045
422,1419
422,1428
423,664
424,1115
426,411
426,532
426,582
426,652
426,736
426,1028
426,1038
426,1214
426,1265
426,1278
426,1291
426,1427
426,1443
426,1514
427,517
427,578
427,612
427,615
427,620
427,771
427,1227
427,1247
427,1417
428,321
428,1291
428,1443
429,477
429,659
429,663
429,670
429,702
429,757
429,907
429,1124
429,1211
429,1309
429,1381
430,235
430,831
430,838
430,896
430,1112
430,1164
430,1181
430,1409
431,897
432,11
433,177
433,218
435,172
435,363
435,631
435,906
435,1060
435,1064
435,1091
435,1193
435,1270
435,1361
435,1363
436,1120
437,552
437,795
437,949
437,1005
437,1161
437,1325
440,13
440,469
440,518
440,647
440,721
440,733
440,801
440,807
440,844
440,845
440,847
440,869
440,938
440,964
440,976
440,1066
440,1075
440,1092
440,1153
440,1196
440,1197
440,1229
440,1447
440,1448
440,1451
440,1456
441,783
441,1393
442,1429
442,1520
443,31
443,308
443,697
443,698
443,741
443,790
443,814
443,842
443,923
443,982
443,1052
443,1069
443,1319
443,1429
443,1520
445,957
445,1144
446,750
446,899
446,1222
447,119
447,197
447,532
447,582
447,652
447,657
447,731
447,753
447,1083
447,1131
447,1265
447,1503
448,202
448,415
448,582
448,657
448,766
448,796
448,828
448,955
448,1104
448,1291
449,99
449,560
449,926
449,1081
449,1515
450,54
450,540
450,651
450,990
450,1177
450,1398
451,279
451,577
452,15
452,910
452,1090
452,1197
453,372
453,454
453,484
453,774
453,911
453,1003
453,1262
453,1291
453,1443
454,372
454,453
454,1291
455,87
455,886
455,1069
455,1203
455,1422
455,1488
456,228
456,229
456,658
456,677
456,935
456,940
456,1290
457,35
457,305
457,332
457,362
457,484
457,516
457,581
457,653
457,785
457,787
457,860
457,893
457,944
457,947
457,1048
457,1095
457,1262
457,1267
457,1277
457,1463
458,279
458,602
458,634
458,642
458,770
458,792
458,853
458,1007
458,1027
458,1195
458,1299
458,1329
458,1431
459,715
459,745
459,830
459,943
459,1031
459,1307
460,333
460,778
460,1107
461,334
461,1248
461,1435
461,1468
462,361
462,415
462,545
462,839
462,969
462,1128
462,1300
462,1450
463,372
463,415
463,582
463,595
463,653
463,736
463,1262
463,1291
464,57
464,67
465,2
465,760
465,1065
465,1288
465,1371
465,1436
465,1502
466,89
466,1434
466,1506
467,2
467,65
467,372
467,396
467,582
467,653
467,906
467,947
468,102
468,523
468,648
469,13
469,25
469,30
469,302
469,440
469,518
469,598
469,610
469,647
469,721
469,730
469,733
469,755
469,781
469,801
469,807
469,844
469,845
469,847
469,849
469,864
469,869
469,890
469,919
469,938
469,964
469,976
469,994
469,995
469,1024
469,1037
469,1066
469,1075
469,1191
469,1194
469,1196
469,1197
469,1207
469,1228
469,1241
469,1269
469,1312
469,1353
469,1368
469,1447
469,1448
469,1451
469,1456
469,1460
469,1467
469,1516
470,92
471,146
471,1303
472,361
472,605
472,833
472,1151
472,1250
472,1411
472,1425
473,195
473,649
473,1404
473,1507
474,124
474,716
474,1087
475,165
475,192
475,407
475,590
475,608
475,800
475,854
475,980
475,1156
475,1362
475,1415
476,256
476,710
476,1499
477,429
477,659
477,663
477,670
477,671
477,702
477,907
477,1124
477,1309
477,1381
478,96
478,114
478,498
478,586
478,752
478,788
478,945
478,987
478,1008
478,1500
479,909
479,930
480,383
480,500
480,616
480,927
480,989
480,1421
481,8
481,380
481,1375
481,1418
482,40
482,260
482,520
482,587
482,704
482,835
482,854
482,887
483,115
483,539
483,580
483,707
483,744
483,759
483,862
483,884
483,972
483,1011
483,1108
483,1223
483,1282
483,1323
483,1343
483,1394
483,1462
484,240
484,387
484,453
484,457
484,677
484,726
484,785
484,803
484,878
484,893
484,947
484,960
484,1125
484,1316
484,1363
484,1383
484,1443
485,232
485,591
485,629
485,665
485,734
485,748
485,912
485,1209
485,1210
485,1317
485,1485
485,1487
486,409
486,507
486,866
486,1298
486,1477
486,1512
487,338
487,501
487,546
487,1063
487,1480
488,25
488,801
488,1345
488,1382
489,291
489,1096
489,1175
489,1445
490,178
490,565
490,722
490,756
490,1020
490,1078
490,1174
490,1188
491,235
491,576
491,856
491,1093
491,1102
492,6
492,633
492,1240
492,1375
492,1397
492,1441
492,1474
493,606
493,643
493,791
493,895
493,1119
493,1255
493,1275
494,254
494,391
494,664
494,704
494,784
494,1353
495,1179
495,1347
495,1464
496,53
496,727
496,921
496,960
496,1330
496,1342
497,45
497,594
497,732
497,742
497,1133
498,212
498,478
498,586
498,752
498,788
498,802
498,945
498,987
498,1500
499,26
500,383
500,480
500,616
500,927
500,939
500,989
500,1421
501,360
501,487
501,546
501,1480
502,271
502,1169
503,2
503,1148
503,1262
503,1288
504,41
504,245
504,666
504,1084
505,73
505,666
506,321
506,893
506,1029
506,1443
506,1490
507,421
507,486
507,798
507,1352
508,143
508,1126
508,1141
509,531
509,886
509,1370
510,50
510,287
510,512
510,654
510,1071
510,1122
511,406
511,843
511,997
511,1192
511,1338
511,1495
511,1497
512,40
512,310
512,407
512,510
512,662
512,834
512,936
512,1156
512,1379
513,127
513,168
513,209
514,226
514,632
514,881
514,961
514,970
514,1303
514,1509
515,309
515,391
515,538
515,608
515,1432
516,457
516,766
516,787
516,860
516,1130
517,427
517,612
517,620
517,771
517,1247
517,1417
518,1
518,25
518,30
518,302
518,440
518,469
518,610
518,683
518,730
518,739
518,746
518,754
518,801
518,844
518,845
518,847
518,864
518,869
518,919
518,938
518,964
518,1149
518,1191
518,1197
518,1241
518,1254
518,1269
518,1312
518,1367
518,1447
518,1448
518,1451
518,1456
518,1460
518,1516
519,40
519,122
519,265
519,407
519,720
519,867
519,980
519,1051
520,319
520,482
520,1019
520,1135
520,1426
521,229
521,241
521,296
521,860
522,1446
523,102
523,468
523,648
524,358
524,627
524,1072
525,130
525,561
525,1032
525,1145
526,412
526,582
526,655
526,826
526,948
526,1051
526,1083
526,1224
526,1291
526,1443
527,671
527,768
527,811
527,846
527,1308
528,325
528,706
528,1033
528,1256
528,1337
528,1373
528,1400
528,1508
529,237
529,810
530,383
530,395
530,533
530,786
530,903
530,1137
530,1413
530,1510
531,303
531,509
531,769
531,829
531,940
532,415
532,426
532,447
532,543
532,631
532,652
532,1047
532,1278
532,1291
532,1443
533,395
533,530
533,550
533,1062
533,1137
533,1510
534,347
534,548
534,652
534,736
534,766
534,1030
534,1144
534,1162
534,1193
535,49
535,705
535,876
535,1200
535,1365
536,584
537,410
538,391
538,515
538,649
538,664
538,791
538,1041
538,1183
539,115
539,483
539,580
539,707
539,744
539,759
539,862
539,884
539,1011
539,1108
539,1223
539,1282
539,1323
539,1343
539,1394
539,1462
540,54
540,273
540,450
540,651
540,819
540,990
540,1398
541,260
541,1204
541,1484
542,40
542,293
542,579
542,791
542,1019
543,415
543,532
543,652
543,672
543,736
543,1047
543,1048
543,1262
543,1291
543,1443
543,1503
543,1514
544,220
544,281
544,913
545,361
545,362
545,462
545,839
545,1450
545,1471
546,306
546,487
546,501
546,1063
546,1480
547,74
547,551
547,662
547,1136
547,1199
547,1375
547,1504
548,534
548,582
548,774
548,1144
549,56
549,212
549,752
549,987
549,1476
550,395
550,533
550,786
550,903
550,1062
550,1510
551,74
551,547
551,1136
551,1419
552,437
552,795
552,949
552,1005
552,1161
552,1325
553,314
553,407
553,816
553,1266
554,182
554,1193
554,1212
554,1303
554,1482
555,80
555,87
555,887
555,1059
556,9
556,1001
556,1253
556,1305
556,1333
557,371
557,951
557,970
557,1238
558,635
558,684
558,692
559,2
559,604
559,871
559,1097
559,1116
559,1320
560,99
560,449
560,926
560,1081
560,1515
561,217
561,525
561,1018
561,1094
561,1145
561,1435
562,47
562,254
562,293
562,664
562,682
562,704
562,750
562,775
562,791
562,863
562,1019
562,1173
562,1183
562,1222
562,1251
562,1310
562,1438
563,317
563,592
563,874
563,1168
563,1437
564,230
564,656
564,1439
565,178
565,490
565,1020
565,1078
565,1174
565,1188
566,370
566,422
566,814
566,817
566,882
566,975
566,1045
566,1428
567,280
567,941
567,1291
568,202
568,582
568,652
568,673
568,957
568,1105
568,1106
568,1265
568,1278
568,1503
568,1514
569,148
569,195
569,309
569,749
570,397
570,624
570,1517
571,302
571,647
571,721
571,845
571,847
571,938
571,1448
572,112
572,144
572,161
572,301
572,664
572,676
572,697
572,1036
572,1069
572,1142
572,1180
572,1245
572,1271
572,1272
572,1328
572,1376
573,60
573,617
573,622
573,678
573,695
573,708
573,737
573,859
573,962
573,967
573,1034
573,1050
573,1070
573,1085
573,1123
573,1221
573,1246
573,1335
573,1457
574,203
574,1098
574,1344
575,86
575,883
575,1055
575,1455
576,234
576,235
576,491
576,856
576,971
576,1023
576,1102
576,1360
576,1369
576,1402
577,279
577,451
578,427
578,612
578,620
578,1247
579,290
579,343
579,542
579,635
579,775
579,863
579,1274
579,1275
579,1304
580,115
580,483
580,539
580,707
580,744
580,759
580,884
580,972
580,1011
580,1108
580,1223
580,1282
580,1323
580,1343
580,1394
580,1462
581,336
581,387
581,415
581,457
581,582
581,595
581,1028
581,1193
581,1265
581,1420
581,1443
582,65
582,121
582,202
582,240
582,305
582,332
582,347
582,415
582,426
582,447
582,448
582,463
582,467
582,526
582,548
582,568
582,581
582,595
582,632
582,640
582,646
582,652
582,653
582,657
582,673
582,677
582,693
582,718
582,731
582,736
582,743
582,787
582,826
582,839
582,885
582,940
582,944
582,957
582,1026
582,1083
582,1095
582,1113
582,1127
582,1130
582,1144
582,1152
582,1160
582,1214
582,1262
582,1278
582,1291
582,1339
582,1346
582,1410
582,1429
582,1443
583,108
583,399
583,644
584,1
584,56
584,96
584,114
584,174
584,212
584,213
584,536
584,721
584,739
584,1008
584,1367
584,1456
585,173
585,933
585,1450
586,96
586,114
586,212
586,478
586,498
586,788
586,945
586,1008
586,1018
586,1115
586,1241
586,1500
587,7
587,80
587,482
587,1203
588,186
588,769
588,940
588,1044
588,1267
588,1443
589,96
589,739
589,1008
589,1145
589,1367
590,407
590,475
590,649
590,800
590,1010
590,1069
591,232
591,485
591,629
591,665
591,734
591,748
591,912
591,1210
591,1317
591,1331
591,1485
591,1487
592,563
592,690
592,1224
592,1454
593,2
593,630
593,660
593,686
593,751
593,1088
593,1279
593,1306
593,1358
594,261
594,497
594,742
594,889
594,1205
595,321
595,387
595,415
595,463
595,581
595,582
595,766
595,944
595,1101
595,1113
595,1291
595,1463
596,347
596,701
596,766
596,1162
596,1378
597,180
597,267
597,841
597,1315
597,1332
598,13
598,30
598,148
598,469
598,610
598,730
598,746
598,754
598,801
598,837
598,844
598,845
598,964
598,1037
598,1197
598,1448
598,1451
598,1456
598,1460
598,1467
598,1516
599,30
599,253
599,730
599,754
599,801
599,845
599,869
599,1149
599,1194
599,1353
599,1382
599,1448
599,1456
599,1465
599,1473
599,1516
600,169
600,644
600,846
601,252
602,279
602,458
602,634
602,642
602,770
602,853
602,1007
602,1027
602,1195
602,1299
602,1329
603,231
603,979
603,992
603,1318
603,1380
603,1449
604,2
604,559
604,871
604,1097
604,1116
604,1320
605,361
605,472
605,833
605,1151
605,1250
605,1411
605,1425
605,1486
606,40
606,47
606,260
606,293
606,493
606,615
606,765
606,772
606,863
606,1255
606,1353
607,180
607,267
607,1315
607,1332
608,90
608,475
608,515
608,664
609,652
609,701
609,1224
609,1397
610,13
610,30
610,148
610,469
610,518
610,598
610,721
610,730
610,746
610,754
610,801
610,837
610,844
610,845
610,847
610,964
610,1037
610,1066
610,1149
610,1197
610,1448
610,1456
610,1467
611,87
611,293
611,699
611,863
611,886
611,887
611,1069
612,427
612,517
612,578
612,620
612,771
612,1247
612,1417
613,166
613,946
613,1054
613,1076
613,1109
613,1302
614,78
614,735
614,776
614,1121
614,1354
614,1377
615,100
615,195
615,427
615,606
615,664
615,704
615,745
615,746
615,754
615,765
615,772
615,801
615,845
615,910
615,1031
615,1103
615,1217
615,1249
615,1252
615,1276
615,1312
615,1426
615,1447
615,1448
615,1453
615,1491
616,383
616,480
616,500
616,905
616,927
616,939
616,989
617,60
617,573
617,622
617,678
617,695
617,708
617,737
617,859
617,962
617,967
617,1034
617,1050
617,1070
617,1085
617,1123
617,1221
617,1246
617,1335
617,1457
618,165
618,408
618,632
619,113
619,888
620,126
620,427
620,517
620,578
620,612
620,771
620,1247
620,1417
621,25
621,302
621,721
621,845
621,890
621,1075
621,1448
622,60
622,573
622,617
622,678
622,695
622,708
622,737
622,859
622,962
622,967
622,1034
622,1050
622,1070
622,1085
622,1123
622,1221
622,1246
622,1335
622,1457
623,222
624,397
624,570
624,1517
625,143
625,152
625,1126
626,139
626,239
626,985
627,358
627,524
627,668
627,675
627,950
627,1021
627,1072
628,401
628,855
628,915
628,1213
629,232
629,485
629,591
629,665
629,734
629,748
629,912
629,1209
629,1210
629,1317
629,1331
629,1485
629,1487
630,2
630,593
630,660
630,686
630,689
630,751
630,1088
630,1279
630,1306
630,1358
631,415
631,435
631,532
631,731
631,906
631,1046
631,1226
631,1348
631,1361
632,415
632,514
632,582
632,618
632,690
632,738
632,743
632,782
632,935
632,944
632,1016
632,1064
632,1110
632,1158
632,1243
632,1303
632,1390
633,492
633,910
633,1441
634,279
634,458
634,602
634,642
634,770
634,792
634,853
634,1007
634,1027
634,1195
634,1299
634,1329
635,22
635,343
635,558
635,579
635,932
635,1086
635,1183
635,1416
636,356
636,741
636,1475
637,415
637,738
637,881
637,1016
637,1110
637,1348
638,137
638,167
638,918
639,119
639,1350
640,202
640,400
640,411
640,415
640,582
640,693
640,1048
640,1291
640,1410
640,1514
641,300
641,782
641,1375
642,279
642,458
642,602
642,634
642,770
642,792
642,853
642,1007
642,1195
642,1299
642,1329
643,352
643,493
643,681
643,772
644,399
644,583
644,600
644,846
645,110
645,1466
645,1481
646,121
646,336
646,415
646,582
646,766
646,947
646,1046
646,1101
646,1291
647,30
647,260
647,440
647,469
647,571
647,721
647,801
647,845
647,856
647,867
647,994
647,1111
647,1254
647,1459
647,1481
647,1516
648,102
648,468
648,523
649,391
649,473
649,538
649,590
649,664
649,681
649,769
649,775
649,791
649,895
649,932
649,1059
649,1077
649,1183
649,1204
649,1275
649,1314
649,1374
649,1382
649,1426
650,999
650,1051
651,273
651,450
651,540
651,1296
651,1398
652,35
652,121
652,241
652,415
652,426
652,447
652,532
652,534
652,543
652,568
652,582
652,609
652,672
652,731
652,785
652,803
652,893
652,925
652,1028
652,1038
652,1083
652,1095
652,1105
652,1131
652,1214
652,1262
652,1265
652,1278
652,1463
653,336
653,387
653,415
653,457
653,463
653,467
653,582
653,836
653,906
653,916
653,947
653,1125
653,1291
653,1363
654,50
654,256
654,510
654,1122
654,1283
655,312
655,526
655,850
655,1120
655,1385
655,1433
656,230
656,564
656,783
657,411
657,416
657,447
657,448
657,582
657,766
657,1083
657,1091
657,1104
657,1131
657,1193
657,1514
658,228
658,456
658,1162
658,1193
658,1290
659,429
659,477
659,670
659,702
659,757
659,1124
659,1159
659,1211
659,1381
659,1489
660,2
660,593
660,630
660,686
660,689
660,751
660,1088
660,1279
660,1306
660,1358
661,250
661,1089
661,1292
661,1519
662,407
662,412
662,512
662,547
662,710
662,854
662,1222
662,1340
663,429
663,477
663,670
663,702
663,907
663,1124
663,1381
664,112
664,254
664,293
664,391
664,423
664,494
664,538
664,562
664,572
664,608
664,615
664,649
664,680
664,704
664,729
664,775
664,784
664,791
664,851
664,870
664,917
664,1019
664,1041
664,1077
664,1183
664,1272
664,1274
664,1281
664,1321
664,1357
664,1438
664,1442
665,232
665,485
665,591
665,629
665,734
665,748
665,912
665,1210
665,1317
665,1331
665,1485
665,1487
666,504
666,505
666,1477
667,385
667,672
667,1262
667,1410
668,358
668,627
668,675
668,950
668,1021
668,1072
669,98
669,333
669,685
669,832
669,1447
670,429
670,477
670,659
670,663
670,702
670,907
670,1124
670,1309
670,1381
671,329
671,477
671,527
671,907
671,1077
671,1124
671,1264
672,123
672,385
672,396
672,543
672,652
672,667
672,766
672,796
672,828
672,893
672,906
672,911
672,925
672,1048
672,1058
672,1262
672,1410
672,1503
673,65
673,568
673,582
673,1443
674,253
674,801
674,845
674,938
674,1197
675,358
675,627
675,668
675,1021
675,1072
676,301
676,308
676,572
676,697
676,741
676,790
676,923
676,991
676,1236
676,1245
676,1258
677,363
677,456
677,484
677,582
677,1030
677,1278
678,60
678,573
678,617
678,622
678,695
678,708
678,737
678,859
678,962
678,967
678,1034
678,1050
678,1070
678,1085
678,1221
678,1246
678,1335
678,1457
679,379
679,726
679,910
679,1366
679,1374
680,391
680,664
680,704
680,761
680,775
680,777
680,791
680,1321
681,104
681,352
681,643
681,649
681,861
681,1059
681,1071
681,1114
681,1139
681,1215
681,1353
681,1393
681,1450
681,1453
682,293
682,391
682,562
682,704
682,791
682,1019
682,1304
682,1438
683,518
683,730
683,845
683,1037
683,1041
683,1456
684,260
684,558
684,1374
685,249
685,669
685,740
685,1346
686,2
686,593
686,630
686,660
686,689
686,751
686,1088
686,1279
686,1306
686,1358
687,106
687,164
687,367
687,779
687,1074
687,1396
687,1403
688,376
688,986
688,1012
688,1111
688,1150
688,1187
688,1388
689,2
689,630
689,660
689,686
689,751
689,1088
689,1279
689,1306
689,1358
690,363
690,592
690,632
690,935
690,1016
691,88
691,780
691,805
691,873
691,1082
691,1294
692,260
692,558
692,694
693,415
693,582
693,640
693,743
693,1016
693,1160
693,1303
693,1410
694,87
694,692
694,886
694,969
694,1039
694,1069
694,1142
694,1370
694,1422
695,60
695,573
695,617
695,622
695,678
695,708
695,737
695,859
695,962
695,967
695,1034
695,1050
695,1070
695,1085
695,1123
695,1221
695,1246
695,1335
695,1457
696,83
696,824
696,888
696,894
696,1079
696,1216
696,1263
697,112
697,149
697,301
697,308
697,356
697,443
697,572
697,676
697,698
697,741
697,773
697,827
697,857
697,882
697,923
697,1157
697,1236
697,1243
697,1258
697,1289
697,1475
697,1492
698,443
698,697
698,741
698,842
698,1052
698,1069
698,1142
698,1245
698,1258
698,1328
698,1475
698,1520
699,71
699,135
699,611
699,856
699,863
699,887
700,17
700,725
700,875
700,988
700,1132
701,347
701,596
701,609
701,1044
701,1224
701,1291
701,1375
701,1378
701,1397
702,429
702,477
702,659
702,663
702,670
702,757
702,907
702,1124
702,1159
702,1211
702,1309
702,1381
702,1489
703,387
703,906
703,1038
703,1427
703,1443
704,254
704,319
704,341
704,391
704,482
704,494
704,562
704,615
704,664
704,680
704,682
704,761
704,775
704,789
704,791
704,812
704,851
704,917
704,1019
704,1041
704,1135
704,1183
704,1252
704,1301
704,1321
704,1333
704,1426
704,1438
704,1479
705,49
705,535
705,876
705,1200
705,1365
706,0
706,325
706,528
706,1033
706,1256
706,1337
706,1373
706,1400
706,1414
706,1496
706,1508
707,115
707,483
707,539
707,580
707,744
707,759
707,862
707,884
707,972
707,1011
707,1108
707,1223
707,1282
707,1323
707,1343
707,1394
707,1462
708,60
708,573
708,617
708,622
708,678
708,695
708,737
708,859
708,962
708,967
708,1034
708,1050
708,1070
708,1085
708,1221
708,1246
708,1335
708,1457
709,66
709,144
709,1243
709,1479
710,265
710,287
710,345
710,407
710,476
710,662
710,1283
711,18
711,1233
711,1286
711,1341
712,109
712,1043
712,1407
713,414
713,910
713,1249
713,1266
714,112
714,827
714,842
714,928
714,1157
714,1281
714,1357
714,1494
715,198
715,459
715,745
715,830
715,1031
715,1103
715,1295
715,1307
716,124
716,172
716,474
716,874
716,1013
716,1087
716,1355
717,386
717,415
717,1110
717,1131
717,1138
717,1291
717,1348
717,1443
717,1482
718,202
718,347
718,582
718,826
719,319
719,761
719,1051
719,1321
719,1440
720,380
720,417
720,519
720,867
721,13
721,25
721,30
721,212
721,302
721,440
721,469
721,571
721,584
721,610
721,621
721,647
721,733
721,746
721,752
721,754
721,755
721,781
721,801
721,807
721,844
721,845
721,847
721,849
721,864
721,890
721,919
721,938
721,964
721,976
721,994
721,1075
721,1196
721,1229
721,1242
721,1448
721,1456
721,1460
721,1516
722,178
722,490
722,1078
722,1174
722,1188
723,244
723,865
723,983
723,1133
723,1208
723,1230
723,1395
724,224
724,225
725,17
725,700
725,875
725,988
725,1132
726,484
726,679
726,886
726,932
726,1064
726,1125
726,1359
726,1374
726,1515
727,53
727,496
727,921
727,960
727,1330
728,163
729,378
729,391
729,664
729,1272
729,1357
730,13
730,30
730,469
730,518
730,598
730,599
730,610
730,683
730,746
730,754
730,765
730,783
730,801
730,844
730,845
730,847
730,864
730,919
730,964
730,976
730,1024
730,1037
730,1149
730,1197
730,1229
730,1312
730,1349
730,1447
730,1448
730,1451
730,1456
730,1460
730,1461
730,1481
730,1516
731,35
731,415
731,447
731,582
731,631
731,652
731,906
731,1083
731,1104
731,1193
731,1214
731,1262
731,1278
731,1291
731,1443
732,497
732,1019
732,1505
733,13
733,25
733,440
733,469
733,721
733,844
733,845
733,849
733,890
733,938
733,976
733,1037
733,1149
733,1196
733,1207
733,1229
733,1451
733,1456
734,232
734,485
734,591
734,629
734,665
734,748
734,912
734,1210
734,1317
734,1485
734,1487
735,78
735,614
735,776
735,1121
735,1354
735,1377
736,305
736,415
736,426
736,463
736,534
736,543
736,582
736,1083
736,1104
736,1503
737,60
737,573
737,617
737,622
737,678
737,695
737,708
737,859
737,962
737,967
737,1034
737,1050
737,1070
737,1085
737,1123
737,1221
737,1246
737,1335
737,1457
738,415
738,632
738,637
738,1016
738,1110
738,1348
739,56
739,518
739,584
739,589
739,845
739,1073
739,1228
739,1241
739,1242
739,1367
739,1448
739,1456
740,415
740,685
740,1106
740,1280
741,301
741,308
741,443
741,636
741,676
741,697
741,698
741,758
741,773
741,790
741,842
741,882
741,923
741,928
741,1052
741,1258
741,1285
741,1319
741,1429
741,1475
741,1492
741,1520
742,261
742,497
742,594
742,889
743,65
743,182
743,362
743,386
743,415
743,582
743,632
743,693
743,766
743,900
743,935
743,969
743,1016
743,1030
743,1110
743,1193
743,1226
743,1262
743,1270
743,1291
743,1298
743,1303
743,1375
743,1410
743,1443
743,1482
744,115
744,483
744,539
744,580
744,707
744,759
744,862
744,884
744,972
744,1011
744,1108
744,1223
744,1323
744,1394
744,1462
745,9
745,90
745,459
745,615
745,715
745,830
745,943
745,1031
745,1103
745,1253
745,1305
745,1379
746,13
746,25
746,30
746,518
746,598
746,610
746,615
746,721
746,730
746,754
746,801
746,845
746,864
746,869
746,964
746,1024
746,1037
746,1149
746,1191
746,1197
746,1269
746,1312
746,1382
746,1447
746,1448
746,1456
746,1460
747,77
747,118
747,154
747,820
747,958
747,1017
748,232
748,485
748,591
748,629
748,665
748,734
748,1209
748,1210
748,1317
748,1331
748,1485
748,1487
749,148
749,309
749,569
749,1399
750,446
750,562
751,2
751,593
751,630
751,660
751,686
751,689
751,1088
751,1279
751,1306
751,1358
752,56
752,114
752,212
752,478
752,498
752,549
752,721
752,788
752,945
752,987
752,1476
752,1500
753,197
753,415
753,447
753,836
753,906
753,1104
753,1443
754,30
754,518
754,598
754,599
754,610
754,615
754,721
754,730
754,746
754,765
754,783
754,801
754,844
754,845
754,864
754,869
754,1024
754,1075
754,1149
754,1191
754,1197
754,1241
754,1242
754,1269
754,1312
754,1367
754,1447
754,1448
754,1456
755,25
755,469
755,721
755,845
755,847
755,864
755,890
755,919
755,938
755,964
755,976
755,994
755,1037
755,1092
755,1382
755,1448
755,1451
755,1456
756,178
756,490
756,1020
756,1078
756,1174
756,1188
757,429
757,659
757,702
757,1124
757,1211
757,1309
757,1381
758,301
758,741
758,790
758,1258
759,115
759,483
759,539
759,580
759,707
759,744
759,862
759,884
759,972
759,1011
759,1108
759,1223
759,1282
759,1323
759,1343
759,1394
759,1462
760,2
760,465
760,1065
760,1288
760,1326
760,1371
760,1436
760,1502
761,319
761,680
761,704
761,719
761,917
761,1301
761,1321
761,1333
761,1438
761,1440
762,260
762,369
762,1074
762,1204
762,1484
763,35
763,1125
763,1277
764,342
765,40
765,62
765,92
765,183
765,606
765,615
765,730
765,754
765,801
765,829
765,834
765,835
765,845
765,864
765,1025
765,1241
765,1312
765,1379
765,1406
765,1447
765,1516
766,14
766,258
766,285
766,347
766,394
766,415
766,448
766,516
766,534
766,595
766,596
766,646
766,657
766,672
766,743
766,826
766,828
766,836
766,906
766,911
766,916
766,1042
766,1091
766,1101
766,1146
766,1178
766,1193
766,1262
766,1278
766,1375
766,1383
766,1410
766,1427
767,323
768,527
768,811
768,846
768,1308
769,314
769,531
769,588
769,649
770,279
770,458
770,602
770,634
770,642
770,792
770,853
770,1007
770,1027
770,1195
770,1299
770,1329
770,1431
771,427
771,517
771,612
771,620
771,1247
771,1417
772,40
772,104
772,126
772,349
772,606
772,615
772,643
772,1176
772,1217
772,1255
772,1276
772,1379
773,356
773,697
773,741
773,1258
773,1475
773,1520
774,415
774,453
774,548
774,1348
774,1482
775,352
775,391
775,562
775,579
775,649
775,664
775,680
775,704
775,791
775,863
775,1019
775,1041
775,1215
775,1251
775,1275
776,78
776,614
776,735
776,1121
776,1354
776,1377
777,391
777,680
777,1220
777,1274
777,1295
778,324
778,460
778,1264
778,1379
778,1406
779,68
779,106
779,314
779,687
779,809
779,844
779,973
779,1071
779,1073
779,1298
779,1336
779,1339
779,1403
779,1466
779,1471
780,88
780,691
780,805
780,873
780,1082
780,1294
781,25
781,253
781,469
781,721
781,844
781,890
781,919
781,964
781,1448
781,1451
782,165
782,415
782,632
782,641
782,854
782,1212
783,441
783,656
783,730
783,754
783,845
783,1241
783,1254
783,1447
784,309
784,494
784,664
784,1041
784,1353
785,2
785,97
785,415
785,457
785,484
785,652
785,803
785,836
785,878
785,893
785,906
785,978
785,1125
785,1316
785,1463
786,395
786,530
786,550
786,903
786,1062
786,1137
786,1510
787,457
787,516
787,582
787,944
787,1443
788,96
788,114
788,478
788,498
788,586
788,752
788,945
788,987
788,1008
788,1500
789,319
789,704
789,1119
789,1252
789,1426
789,1491
790,112
790,301
790,443
790,676
790,741
790,758
790,814
790,842
790,982
790,991
790,1069
790,1319
790,1422
790,1429
790,1520
791,135
791,293
791,341
791,391
791,422
791,493
791,538
791,542
791,562
791,649
791,664
791,680
791,682
791,704
791,775
791,851
791,863
791,917
791,932
791,1019
791,1119
791,1135
791,1183
791,1204
791,1215
791,1222
791,1251
791,1272
791,1274
791,1275
791,1281
791,1310
791,1426
791,1438
791,1469
791,1505
792,279
792,458
792,634
792,642
792,770
792,853
792,1027
792,1195
792,1299
792,1329
792,1431
793,306
793,360
793,1063
793,1173
794,201
794,1057
794,1293
794,1408
795,437
795,552
795,949
795,1005
795,1161
795,1325
796,229
796,448
796,672
796,1101
796,1278
797,260
797,1204
798,146
798,153
798,420
798,421
798,507
798,956
798,1352
799,184
799,1237
800,407
800,475
800,590
800,915
800,1069
800,1362
801,13
801,25
801,30
801,270
801,302
801,440
801,469
801,488
801,518
801,598
801,599
801,610
801,615
801,647
801,674
801,721
801,730
801,746
801,754
801,765
801,844
801,845
801,847
801,869
801,870
801,919
801,938
801,1037
801,1074
801,1149
801,1184
801,1191
801,1194
801,1215
801,1241
801,1261
801,1314
801,1349
801,1404
801,1447
801,1448
801,1456
801,1458
801,1460
801,1516
802,114
802,212
802,498
802,1500
803,387
803,415
803,484
803,652
803,785
803,878
803,906
803,933
803,1028
803,1048
803,1214
803,1262
803,1278
803,1316
803,1482
804,25
804,844
804,845
804,847
804,964
804,994
804,1184
805,88
805,691
805,780
805,873
805,1082
805,1294
806,207
806,208
806,832
806,959
806,1134
807,30
807,339
807,440
807,469
807,721
807,844
807,845
807,849
808,16
808,49
809,779
809,1339
810,529
811,169
811,527
811,768
811,1308
812,293
812,391
812,704
812,863
812,1019
812,1135
812,1438
813,304
814,211
814,422
814,443
814,566
814,790
814,882
814,1069
814,1236
814,1376
814,1422
814,1429
814,1520
815,211
815,301
815,827
815,1289
815,1376
816,407
816,553
816,1249
816,1321
816,1438
817,370
817,422
817,566
817,975
817,1428
818,24
818,313
819,314
819,540
820,77
820,118
820,747
820,1017
821,217
821,846
822,246
823,94
823,887
823,963
823,1185
824,83
824,696
824,888
824,894
824,1263
825,85
825,158
825,924
825,1513
826,100
826,122
826,347
826,349
826,408
826,526
826,582
826,718
826,766
826,1127
826,1217
826,1255
826,1258
826,1450
826,1461
827,112
827,301
827,697
827,714
827,815
827,842
827,928
827,1052
827,1157
827,1258
827,1357
827,1494
828,415
828,448
828,672
828,766
828,916
828,955
828,1048
828,1193
828,1262
828,1278
828,1291
828,1443
828,1463
829,195
829,531
829,765
829,898
830,90
830,198
830,459
830,715
830,745
830,943
830,1031
830,1103
830,1307
831,430
831,838
831,896
831,1112
831,1164
831,1181
831,1409
832,207
832,208
832,669
832,806
832,895
832,898
832,937
832,959
832,1134
832,1239
832,1251
832,1276
832,1406
832,1453
833,361
833,472
833,605
833,1151
833,1250
833,1411
833,1425
833,1486
834,51
834,512
834,765
834,1333
835,263
835,409
835,482
835,765
835,866
835,867
835,909
835,1298
835,1392
836,385
836,653
836,753
836,766
836,785
836,906
836,947
836,1030
836,1091
836,1278
836,1463
837,13
837,25
837,598
837,610
837,845
837,869
837,1448
838,210
838,430
838,831
838,896
838,1112
838,1164
838,1181
839,305
839,361
839,462
839,545
839,582
839,1095
840,940
840,1071
840,1224
841,597
841,1315
841,1332
842,112
842,443
842,698
842,714
842,741
842,790
842,827
842,1180
842,1236
842,1245
842,1357
842,1429
842,1494
843,406
843,511
844,13
844,30
844,212
844,440
844,469
844,518
844,598
844,610
844,721
844,730
844,733
844,754
844,779
844,781
844,801
844,804
844,807
844,845
844,847
844,890
844,938
844,964
844,976
844,1037
844,1075
844,1196
844,1345
844,1367
844,1448
844,1459
844,1516
845,13
845,25
845,30
845,96
845,116
845,253
845,270
845,302
845,340
845,440
845,469
845,518
845,571
845,598
845,599
845,610
845,615
845,621
845,647
845,674
845,683
845,721
845,730
845,733
845,739
845,746
845,754
845,755
845,765
845,783
845,801
845,804
845,807
845,837
845,844
845,847
845,849
845,864
845,869
845,890
845,919
845,938
845,964
845,976
845,1024
845,1037
845,1066
845,1075
845,1149
845,1153
845,1184
845,1191
845,1194
845,1197
845,1207
845,1228
845,1229
845,1241
845,1269
845,1312
845,1345
845,1349
845,1382
845,1447
845,1448
845,1451
845,1456
845,1460
845,1467
845,1516
846,527
846,600
846,644
846,768
846,821
846,1308
847,13
847,440
847,469
847,518
847,571
847,610
847,721
847,730
847,755
847,801
847,804
847,844
847,845
847,864
847,938
847,964
847,1066
847,1075
847,1153
847,1191
847,1196
847,1197
847,1368
847,1447
847,1448
847,1456
847,1460
847,1516
848,128
848,129
848,355
848,1140
848,1493
849,302
849,469
849,721
849,733
849,807
849,845
849,890
849,938
849,964
849,976
849,1207
849,1229
849,1448
849,1516
850,40
850,47
850,312
850,655
850,1120
850,1143
850,1385
850,1433
851,391
851,664
851,704
851,791
851,1215
851,1274
851,1438
851,1469
852,190
852,1201
852,1430
853,279
853,458
853,602
853,634
853,642
853,770
853,792
853,968
853,1007
853,1027
853,1195
853,1299
853,1329
853,1431
854,475
854,482
854,662
854,782
854,1334
855,401
855,628
855,915
855,1213
856,491
856,576
856,647
856,699
856,971
856,1086
856,1102
856,1340
856,1353
856,1369
856,1481
857,112
857,697
857,1245
857,1289
858,407
858,1419
859,60
859,573
859,617
859,622
859,678
859,695
859,708
859,737
859,962
859,967
859,1034
859,1050
859,1070
859,1085
859,1123
859,1221
859,1246
859,1335
859,1457
860,457
860,516
860,521
860,1262
860,1291
860,1443
861,292
861,681
861,1071
862,115
862,483
862,539
862,707
862,744
862,759
862,884
862,972
862,1011
862,1108
862,1223
862,1323
862,1343
862,1394
862,1462
863,293
863,562
863,579
863,606
863,611
863,699
863,775
863,791
863,812
863,1019
863,1167
864,25
864,30
864,302
864,469
864,518
864,721
864,730
864,746
864,754
864,755
864,765
864,845
864,847
864,890
864,938
864,964
864,1066
864,1092
864,1149
864,1447
864,1448
864,1456
864,1516
865,244
865,723
865,983
865,1133
865,1208
865,1230
865,1395
866,122
866,486
866,835
866,867
866,1340
866,1392
866,1415
867,260
867,263
867,519
867,647
867,720
867,835
867,866
867,1243
867,1340
867,1346
867,1392
867,1415
868,407
868,1041
868,1071
868,1156
868,1249
869,13
869,270
869,440
869,469
869,518
869,599
869,746
869,754
869,801
869,837
869,845
869,1194
869,1241
869,1367
869,1382
869,1448
869,1456
869,1516
870,664
870,801
870,1194
870,1215
870,1382
870,1404
871,2
871,559
871,604
871,1097
871,1116
871,1320
872,136
872,368
872,952
873,88
873,691
873,780
873,805
873,1082
874,117
874,563
874,716
874,915
874,1168
874,1264
875,17
875,327
875,700
875,725
875,988
875,1132
876,49
876,535
876,705
876,1200
876,1365
877,55
878,387
878,484
878,785
878,803
878,893
878,947
878,960
878,1003
878,1125
878,1316
878,1420
878,1463
879,33
879,966
880,131
880,133
880,1472
881,514
881,637
882,112
882,117
882,149
882,301
882,566
882,697
882,741
882,814
882,1157
882,1180
882,1236
882,1271
882,1297
882,1492
883,86
883,575
883,1055
883,1455
884,115
884,483
884,539
884,580
884,707
884,744
884,759
884,862
884,972
884,1011
884,1108
884,1223
884,1282
884,1323
884,1343
884,1394
884,1462
885,278
885,582
885,922
885,1443
886,455
886,509
886,611
886,694
886,726
886,1039
886,1069
886,1304
886,1488
887,80
887,482
887,555
887,611
887,699
887,823
887,1218
887,1251
888,83
888,619
888,696
888,824
888,894
888,1079
888,1216
888,1263
888,1356
889,261
889,594
889,742
890,13
890,174
890,302
890,469
890,621
890,721
890,733
890,755
890,781
890,844
890,845
890,849
890,864
890,919
890,938
890,964
890,1196
890,1207
890,1368
890,1451
890,1516
891,347
891,1351
892,41
892,268
892,1171
892,1322
892,1364
893,2
893,321
893,362
893,363
893,385
893,457
893,484
893,506
893,652
893,672
893,785
893,878
893,1038
893,1064
893,1125
893,1262
893,1443
894,83
894,696
894,824
894,888
894,1079
894,1216
894,1263
894,1356
895,206
895,208
895,493
895,649
895,832
895,1019
895,1059
895,1204
896,210
896,388
896,430
896,831
896,838
896,1112
896,1164
896,1181
896,1409
897,431
897,1243
898,40
898,829
898,832
898,1134
899,446
900,197
900,743
901,965
901,984
901,1155
902,2
902,1148
902,1326
903,395
903,530
903,550
903,786
903,1062
903,1137
903,1510
904,2
904,1148
904,1288
904,1326
905,383
905,616
905,927
905,939
905,989
905,1421
906,97
906,415
906,435
906,467
906,631
906,653
906,672
906,703
906,731
906,753
906,766
906,785
906,803
906,836
906,911
906,947
906,1058
906,1064
906,1101
906,1125
906,1138
906,1193
906,1262
906,1278
906,1300
906,1316
906,1410
906,1463
907,429
907,477
907,663
907,670
907,671
907,702
907,1124
907,1309
907,1381
908,223
908,1172
908,1389
908,1442
909,6
909,479
909,835
909,930
909,1243
910,265
910,452
910,615
910,633
910,679
910,713
910,969
910,1249
910,1366
910,1397
911,121
911,347
911,415
911,453
911,672
911,766
911,906
911,1038
911,1113
911,1410
912,232
912,485
912,591
912,629
912,665
912,734
912,1210
912,1317
912,1485
912,1487
913,544
913,1084
913,1372
914,350
914,942
914,1498
915,628
915,800
915,855
915,874
915,1064
915,1213
915,1284
915,1362
916,415
916,653
916,766
916,828
916,1028
916,1291
916,1300
916,1410
917,319
917,664
917,704
917,761
917,791
917,1438
917,1505
918,137
918,167
918,638
919,25
919,253
919,302
919,469
919,518
919,721
919,730
919,755
919,781
919,801
919,845
919,890
919,938
919,964
919,976
919,1184
919,1447
919,1448
919,1451
919,1456
920,155
920,206
920,969
920,1128
921,53
921,496
921,727
921,960
921,1330
921,1342
922,278
922,885
923,112
923,301
923,308
923,356
923,443
923,676
923,697
923,741
923,953
923,1285
923,1289
924,85
924,825
924,1513
925,123
925,320
925,335
925,415
925,652
925,672
925,1290
925,1420
925,1490
926,99
926,449
926,560
926,1081
926,1515
927,383
927,480
927,500
927,616
927,905
927,939
927,1421
928,112
928,714
928,741
928,827
928,1245
928,1494
929,129
929,355
929,1493
930,6
930,380
930,479
930,909
930,980
931,323
931,344
932,293
932,635
932,649
932,726
932,791
932,1019
932,1077
932,1183
932,1412
932,1488
933,287
933,585
933,803
933,1235
933,1245
934,298
935,415
935,456
935,632
935,690
935,743
935,1016
935,1110
935,1226
935,1243
935,1291
935,1303
935,1348
935,1361
935,1443
935,1482
935,1514
936,98
936,103
936,512
936,1386
937,79
937,207
937,208
937,832
937,959
937,1002
937,1073
937,1345
938,13
938,25
938,30
938,302
938,440
938,469
938,518
938,571
938,674
938,721
938,733
938,755
938,801
938,844
938,845
938,847
938,849
938,864
938,890
938,919
938,964
938,976
938,994
938,1066
938,1092
938,1196
938,1229
938,1242
938,1269
938,1367
938,1456
938,1516
939,383
939,500
939,616
939,905
939,927
939,1421
940,142
940,456
940,531
940,582
940,588
940,840
940,948
940,969
940,1224
940,1291
941,567
941,1461
942,77
942,914
943,90
943,459
943,745
943,830
943,1031
944,80
944,362
944,457
944,582
944,595
944,632
944,787
944,1433
945,96
945,478
945,498
945,586
945,752
945,788
945,987
945,1500
946,166
946,613
946,1054
946,1076
946,1109
946,1182
946,1302
947,121
947,387
947,415
947,457
947,467
947,484
947,646
947,653
947,836
947,878
947,906
947,960
947,1125
947,1420
947,1443
948,285
948,526
948,940
948,1127
948,1293
948,1514
949,437
949,552
949,795
949,1005
949,1161
949,1325
950,358
950,627
950,668
950,1021
950,1072
951,371
951,557
951,1238
952,318
952,346
952,872
952,1297
952,1505
953,112
953,301
953,308
953,923
953,1180
953,1236
953,1245
953,1271
953,1285
954,39
954,150
954,151
955,123
955,448
955,828
955,1091
955,1291
956,153
956,421
956,798
957,58
957,445
957,568
957,582
957,1443
958,82
958,118
958,747
959,208
959,806
959,832
959,937
959,1002
959,1134
959,1239
960,387
960,415
960,484
960,496
960,727
960,878
960,921
960,947
960,1125
960,1193
960,1330
960,1342
960,1463
961,226
961,514
961,1509
962,60
962,573
962,617
962,622
962,678
962,695
962,708
962,737
962,859
962,967
962,1034
962,1050
962,1070
962,1221
962,1246
962,1335
962,1457
963,94
963,823
963,1185
963,1311
964,25
964,253
964,302
964,440
964,469
964,518
964,598
964,610
964,721
964,730
964,746
964,755
964,781
964,804
964,844
964,845
964,847
964,849
964,864
964,890
964,919
964,938
964,976
964,994
964,995
964,1024
964,1037
964,1066
964,1092
964,1149
964,1197
964,1207
964,1241
964,1242
964,1367
964,1447
964,1448
964,1451
964,1456
964,1516
965,901
965,984
965,1155
966,33
966,879
967,60
967,573
967,617
967,622
967,678
967,695
967,708
967,737
967,859
967,962
967,1034
967,1050
967,1070
967,1085
967,1221
967,1246
967,1335
967,1457
968,279
968,853
968,1027
968,1299
969,160
969,194
969,462
969,694
969,743
969,910
969,920
969,940
969,1016
969,1086
969,1243
969,1284
969,1470
970,514
970,557
971,175
971,233
971,235
971,576
971,856
971,1023
971,1093
971,1177
971,1369
972,115
972,483
972,580
972,707
972,744
972,759
972,862
972,884
972,1011
972,1108
972,1223
972,1282
972,1323
972,1343
972,1394
972,1462
973,197
973,779
974,1015
974,1204
974,1438
975,370
975,422
975,566
975,817
975,1428
976,13
976,30
976,302
976,440
976,469
976,721
976,730
976,733
976,755
976,844
976,845
976,849
976,919
976,938
976,964
976,1075
976,1196
976,1448
976,1451
977,93
977,1404
977,1458
978,241
978,785
978,1029
978,1163
979,231
979,603
979,992
979,1232
979,1318
979,1380
979,1449
980,347
980,380
980,475
980,519
980,930
981,259
981,996
982,443
982,790
982,1069
982,1236
982,1429
983,244
983,723
983,865
983,1133
983,1208
983,1230
983,1395
984,145
984,901
984,965
984,1155
985,139
985,239
985,626
986,376
986,688
986,1012
986,1111
986,1150
986,1187
986,1388
987,212
987,478
987,498
987,549
987,752
987,788
987,945
987,1476
987,1500
988,17
988,193
988,700
988,725
988,875
988,1412
989,383
989,480
989,500
989,616
989,905
990,54
990,450
990,540
990,1177
990,1360
990,1398
991,188
991,308
991,676
991,790
991,1236
991,1268
991,1429
991,1520
992,231
992,603
992,979
992,1318
992,1380
992,1449
993,361
993,1080
993,1444
994,13
994,253
994,263
994,302
994,310
994,469
994,647
994,721
994,755
994,804
994,938
994,964
994,1242
994,1243
994,1273
994,1451
994,1456
995,253
995,469
995,964
995,1447
995,1448
995,1516
996,259
996,981
996,1049
997,406
997,511
997,1192
997,1338
997,1495
997,1497
998,140
999,650
1000,373
1001,556
1001,1333
1002,207
1002,208
1002,937
1002,959
1002,1239
1003,387
1003,415
1003,453
1003,878
1003,1410
1004,44
1004,1006
1004,1231
1004,1384
1005,437
1005,552
1005,795
1005,949
1005,1161
1005,1325
1006,44
1006,1004
1006,1231
1006,1384
1007,279
1007,458
1007,602
1007,634
1007,642
1007,770
1007,853
1007,1027
1007,1195
1007,1299
1007,1329
1007,1431
1008,1
1008,96
1008,114
1008,174
1008,213
1008,478
1008,584
1008,586
1008,589
1008,788
1008,1367
1009,271
1010,27
1010,590
1011,115
1011,483
1011,539
1011,580
1011,707
1011,744
1011,759
1011,862
1011,884
1011,972
1011,1108
1011,1223
1011,1282
1011,1323
1011,1343
1011,1394
1011,1462
1012,376
1012,688
1012,986
1012,1111
1012,1150
1012,1187
1012,1388
1012,1518
1013,716
1013,1355
1014,297
1015,242
1015,974
1016,415
1016,632
1016,637
1016,690
1016,693
1016,738
1016,743
1016,935
1016,969
1016,1040
1016,1110
1016,1158
1016,1243
1016,1291
1016,1348
1016,1361
1016,1443
1016,1482
1017,118
1017,350
1017,747
1017,820
1018,351
1018,561
1018,586
1019,293
1019,391
1019,520
1019,542
1019,562
1019,664
1019,682
1019,704
1019,732
1019,775
1019,791
1019,812
1019,863
1019,895
1019,932
1019,1135
1019,1183
1019,1218
1019,1222
1019,1275
1019,1310
1019,1438
1019,1505
1020,178
1020,490
1020,565
1020,756
1020,1078
1020,1188
1021,358
1021,627
1021,668
1021,675
1021,950
1022,48
1022,61
1022,1277
1023,269
1023,576
1023,971
1023,1093
1023,1369
1024,30
1024,469
1024,730
1024,746
1024,754
1024,845
1024,964
1024,1066
1024,1191
1024,1197
1024,1447
1024,1448
1025,22
1025,765
1025,1217
1025,1241
1025,1276
1026,65
1026,582
1026,1028
1026,1162
1026,1443
1026,1514
1027,279
1027,458
1027,602
1027,634
1027,770
1027,792
1027,853
1027,968
1027,1007
1027,1195
1027,1299
1027,1329
1027,1431
1028,228
1028,305
1028,426
1028,581
1028,652
1028,803
1028,916
1028,1026
1028,1083
1028,1105
1028,1214
1028,1265
1028,1291
1028,1503
1029,200
1029,358
1029,506
1029,978
1029,1503
1030,332
1030,408
1030,534
1030,677
1030,743
1030,836
1030,1106
1030,1291
1030,1316
1031,90
1031,105
1031,459
1031,615
1031,715
1031,745
1031,830
1031,943
1031,1103
1031,1295
1031,1379
1032,130
1032,525
1032,1099
1033,325
1033,528
1033,706
1033,1256
1033,1337
1033,1373
1033,1414
1033,1508
1034,60
1034,573
1034,617
1034,622
1034,678
1034,695
1034,708
1034,737
1034,859
1034,962
1034,967
1034,1050
1034,1070
1034,1085
1034,1221
1034,1246
1034,1335
1034,1457
1035,1243
1036,117
1036,572
1036,1268
1036,1520
1037,30
1037,100
1037,469
1037,598
1037,610
1037,683
1037,730
1037,733
1037,746
1037,755
1037,801
1037,844
1037,845
1037,964
1037,1197
1037,1448
1037,1456
1037,1460
1038,426
1038,652
1038,703
1038,893
1038,911
1038,1262
1038,1267
1038,1291
1038,1443
1039,87
1039,694
1039,886
1039,1069
1039,1319
1039,1422
1039,1488
1040,415
1040,1016
1040,1418
1041,293
1041,391
1041,538
1041,664
1041,683
1041,704
1041,775
1041,784
1041,868
1041,1172
1041,1220
1041,1274
1041,1275
1041,1438
1042,347
1042,766
1042,1193
1042,1278
1043,109
1043,712
1044,285
1044,588
1044,701
1045,370
1045,422
1045,566
1045,1428
1046,363
1046,415
1046,631
1046,646
1046,1064
1046,1193
1046,1291
1046,1361
1047,400
1047,532
1047,543
1048,372
1048,415
1048,457
1048,543
1048,640
1048,672
1048,803
1048,828
1048,1104
1048,1106
1048,1131
1048,1262
1048,1291
1048,1427
1049,259
1049,996
1050,60
1050,573
1050,617
1050,622
1050,678
1050,695
1050,708
1050,737
1050,859
1050,962
1050,967
1050,1034
1050,1070
1050,1085
1050,1123
1050,1221
1050,1246
1050,1335
1050,1457
1051,187
1051,519
1051,526
1051,650
1051,719
1051,1243
1051,1432
1052,211
1052,301
1052,308
1052,443
1052,698
1052,741
1052,827
1052,1100
1052,1154
1052,1236
1052,1245
1052,1260
1052,1289
1052,1376
1052,1494
1053,190
1054,166
1054,613
1054,946
1054,1076
1054,1109
1054,1182
1054,1302
1055,86
1055,260
1055,369
1055,575
1055,883
1056,101
1057,201
1057,326
1057,794
1057,1244
1057,1293
1058,228
1058,672
1058,906
1058,1138
1058,1383
1058,1410
1058,1443
1059,47
1059,555
1059,649
1059,681
1059,895
1059,1183
1059,1204
1059,1222
1059,1254
1060,435
1060,1291
1061,287
1061,1107
1061,1443
1062,395
1062,533
1062,550
1062,786
1062,903
1062,1137
1062,1510
1063,338
1063,360
1063,487
1063,546
1063,793
1063,1480
1064,179
1064,435
1064,632
1064,726
1064,893
1064,906
1064,915
1064,1046
1064,1125
1064,1366
1065,2
1065,465
1065,760
1065,1288
1065,1326
1065,1371
1065,1436
1065,1502
1066,30
1066,440
1066,469
1066,610
1066,845
1066,847
1066,864
1066,938
1066,964
1066,1024
1066,1448
1066,1456
1066,1516
1067,204
1068,361
1068,1080
1068,1444
1069,87
1069,112
1069,117
1069,206
1069,211
1069,443
1069,455
1069,572
1069,590
1069,611
1069,694
1069,698
1069,790
1069,800
1069,814
1069,886
1069,982
1069,1039
1069,1142
1069,1203
1069,1268
1069,1281
1069,1304
1069,1319
1069,1328
1069,1370
1069,1422
1069,1429
1069,1488
1069,1505
1069,1520
1070,60
1070,573
1070,617
1070,622
1070,678
1070,695
1070,708
1070,737
1070,859
1070,962
1070,967
1070,1034
1070,1050
1070,1085
1070,1123
1070,1221
1070,1246
1070,1335
1070,1457
1071,36
1071,233
1071,236
1071,267
1071,269
1071,303
1071,510
1071,681
1071,779
1071,840
1071,861
1071,868
1071,1190
1071,1297
1071,1353
1071,1402
1071,1499
1072,358
1072,524
1072,627
1072,668
1072,675
1072,950
1073,19
1073,739
1073,779
1073,937
1073,1239
1073,1255
1073,1346
1073,1461
1074,260
1074,687
1074,762
1074,801
1074,1390
1075,13
1075,440
1075,469
1075,621
1075,721
1075,754
1075,844
1075,845
1075,847
1075,976
1075,1229
1075,1448
1076,12
1076,166
1076,613
1076,946
1076,1054
1076,1109
1076,1182
1076,1302
1077,64
1077,220
1077,293
1077,649
1077,664
1077,671
1077,932
1077,1204
1077,1264
1077,1274
1077,1301
1077,1321
1077,1322
1077,1333
1077,1501
1078,178
1078,490
1078,565
1078,722
1078,756
1078,1020
1078,1174
1078,1188
1079,83
1079,696
1079,888
1079,894
1079,1216
1079,1263
1079,1356
1080,361
1080,993
1080,1068
1080,1444
1081,99
1081,449
1081,560
1081,926
1081,1515
1082,88
1082,691
1082,780
1082,805
1082,873
1082,1294
1083,35
1083,415
1083,447
1083,526
1083,582
1083,652
1083,657
1083,731
1083,736
1083,1028
1083,1104
1083,1193
1083,1214
1083,1503
1083,1514
1084,41
1084,504
1084,913
1085,60
1085,573
1085,617
1085,622
1085,678
1085,695
1085,708
1085,737
1085,859
1085,967
1085,1034
1085,1050
1085,1070
1085,1221
1085,1246
1085,1335
1085,1457
1086,80
1086,635
1086,856
1086,969
1086,1102
1086,1481
1087,124
1087,474
1087,716
1088,2
1088,593
1088,630
1088,660
1088,686
1088,689
1088,751
1088,1279
1088,1306
1088,1358
1089,250
1089,661
1089,1190
1089,1280
1089,1292
1089,1519
1090,40
1090,208
1090,452
1091,42
1091,97
1091,179
1091,381
1091,415
1091,435
1091,657
1091,766
1091,836
1091,955
1091,1113
1091,1270
1091,1361
1091,1481
1091,1514
1092,440
1092,755
1092,864
1092,938
1092,964
1092,1451
1093,54
1093,234
1093,235
1093,269
1093,491
1093,971
1093,1023
1093,1102
1093,1369
1093,1451
1094,130
1094,561
1094,1435
1095,305
1095,415
1095,457
1095,582
1095,652
1095,839
1095,1106
1095,1125
1095,1443
1096,291
1096,489
1096,1175
1096,1445
1097,2
1097,559
1097,604
1097,871
1097,1116
1097,1320
1098,203
1098,574
1098,1344
1099,132
1099,1032
1100,211
1100,1052
1100,1154
1100,1260
1100,1289
1100,1376
1101,595
1101,646
1101,766
1101,796
1101,906
1101,1113
1101,1278
1101,1291
1101,1427
1102,235
1102,491
1102,576
1102,856
1102,1086
1102,1093
1102,1360
1102,1402
1103,90
1103,105
1103,615
1103,715
1103,745
1103,830
1103,1031
1103,1295
1103,1379
1104,182
1104,197
1104,386
1104,415
1104,448
1104,657
1104,731
1104,736
1104,753
1104,1048
1104,1083
1104,1131
1104,1193
1104,1214
1104,1348
1104,1443
1104,1514
1105,65
1105,568
1105,652
1105,1028
1105,1214
1105,1291
1105,1443
1106,354
1106,568
1106,740
1106,1030
1106,1048
1106,1095
1106,1405
1106,1503
1107,287
1107,460
1107,1061
1107,1224
1108,115
1108,483
1108,539
1108,580
1108,707
1108,744
1108,759
1108,862
1108,884
1108,972
1108,1011
1108,1223
1108,1282
1108,1323
1108,1343
1108,1394
1108,1462
1109,166
1109,613
1109,946
1109,1054
1109,1076
1109,1182
1109,1302
1110,386
1110,415
1110,632
1110,637
1110,717
1110,738
1110,743
1110,935
1110,1016
1110,1214
1110,1303
1110,1348
1110,1482
1110,1514
1111,376
1111,647
1111,688
1111,986
1111,1012
1111,1150
1111,1314
1111,1388
1112,210
1112,368
1112,430
1112,831
1112,838
1112,896
1112,1181
1112,1409
1112,1511
1113,336
1113,415
1113,582
1113,595
1113,911
1113,1091
1113,1101
1113,1214
1113,1291
1113,1427
1114,176
1114,189
1114,210
1114,307
1114,681
1114,1275
1115,100
1115,424
1115,586
1116,2
1116,559
1116,604
1116,871
1116,1097
1116,1320
1117,185
1118,23
1118,1401
1119,343
1119,493
1119,789
1119,791
1119,1218
1119,1275
1120,134
1120,436
1120,655
1120,850
1121,78
1121,614
1121,735
1121,776
1121,1354
1121,1377
1122,27
1122,510
1122,654
1122,1283
1123,60
1123,573
1123,617
1123,622
1123,695
1123,737
1123,859
1123,1050
1123,1070
1123,1221
1123,1335
1123,1457
1124,429
1124,477
1124,659
1124,663
1124,670
1124,671
1124,702
1124,757
1124,907
1124,1159
1124,1381
1125,35
1125,484
1125,653
1125,726
1125,763
1125,785
1125,878
1125,893
1125,906
1125,947
1125,960
1125,1064
1125,1095
1125,1291
1125,1300
1125,1316
1125,1490
1126,143
1126,199
1126,508
1126,625
1126,1141
1127,347
1127,582
1127,826
1127,948
1127,1262
1128,462
1128,920
1128,1339
1129,16
1129,49
1130,305
1130,516
1130,582
1130,1262
1130,1278
1131,182
1131,447
1131,652
1131,657
1131,717
1131,1048
1131,1104
1131,1291
1131,1443
1131,1482
1132,17
1132,700
1132,725
1132,875
1132,1222
1133,244
1133,497
1133,723
1133,865
1133,983
1133,1230
1133,1477
1134,207
1134,806
1134,832
1134,898
1134,959
1134,1239
1135,391
1135,520
1135,704
1135,791
1135,812
1135,1019
1135,1505
1136,74
1136,547
1136,551
1137,395
1137,530
1137,533
1137,786
1137,903
1137,1062
1137,1510
1138,240
1138,717
1138,906
1138,1058
1138,1383
1139,347
1139,681
1139,1452
1139,1453
1140,128
1140,129
1140,355
1140,848
1140,1493
1141,508
1141,1126
1142,160
1142,572
1142,694
1142,698
1142,1069
1142,1520
1143,40
1143,312
1143,850
1143,1433
1144,305
1144,445
1144,534
1144,548
1144,582
1145,525
1145,561
1145,589
1146,384
1146,766
1147,154
1148,2
1148,503
1148,902
1148,904
1148,1288
1148,1326
1148,1371
1148,1502
1149,13
1149,30
1149,518
1149,599
1149,610
1149,730
1149,733
1149,746
1149,754
1149,801
1149,845
1149,864
1149,964
1149,1191
1149,1197
1149,1254
1149,1447
1149,1448
1149,1456
1149,1460
1150,376
1150,688
1150,986
1150,1012
1150,1111
1150,1187
1150,1388
1151,361
1151,472
1151,605
1151,833
1151,1250
1151,1411
1151,1425
1151,1486
1152,408
1152,582
1153,30
1153,440
1153,845
1153,847
1153,1241
1153,1242
1153,1456
1154,211
1154,236
1154,1052
1154,1100
1154,1236
1154,1260
1154,1271
1154,1429
1154,1494
1155,145
1155,901
1155,965
1155,984
1156,407
1156,475
1156,512
1156,868
1156,1491
1157,112
1157,301
1157,697
1157,714
1157,827
1157,882
1157,1236
1157,1281
1157,1357
1158,10
1158,632
1158,1016
1159,217
1159,659
1159,702
1159,1124
1159,1211
1160,582
1160,693
1160,1278
1160,1291
1160,1410
1161,437
1161,552
1161,795
1161,949
1161,1005
1161,1325
1162,347
1162,534
1162,596
1162,658
1162,1026
1162,1378
1162,1443
1162,1503
1163,978
1163,1383
1164,210
1164,430
1164,831
1164,838
1164,896
1164,1181
1164,1409
1165,10
1166,343
1167,273
1167,343
1167,863
1168,317
1168,563
1168,874
1168,1198
1168,1437
1169,271
1169,502
1170,157
1171,41
1171,892
1171,1322
1171,1364
1172,223
1172,391
1172,908
1172,1041
1172,1389
1172,1442
1173,38
1173,562
1173,793
1174,178
1174,490
1174,565
1174,722
1174,756
1174,1078
1174,1188
1175,291
1175,489
1175,1096
1175,1445
1176,772
1176,1346
1176,1447
1176,1448
1177,54
1177,450
1177,971
1177,990
1177,1398
1178,258
1178,394
1178,766
1178,1383
1179,495
1179,1347
1179,1464
1180,112
1180,572
1180,842
1180,882
1180,953
1180,1236
1180,1245
1180,1271
1181,210
1181,430
1181,831
1181,838
1181,896
1181,1112
1181,1164
1181,1409
1181,1511
1182,166
1182,946
1182,1054
1182,1076
1182,1109
1182,1302
1183,293
1183,391
1183,538
1183,562
1183,635
1183,649
1183,664
1183,704
1183,791
1183,932
1183,1019
1183,1059
1183,1204
1184,13
1184,801
1184,804
1184,845
1184,919
1184,1448
1185,94
1185,823
1185,963
1186,107
1187,376
1187,688
1187,986
1187,1012
1187,1150
1187,1388
1188,178
1188,490
1188,565
1188,722
1188,756
1188,1020
1188,1078
1188,1174
1189,95
1189,138
1190,324
1190,1071
1190,1089
1190,1461
1190,1518
1191,25
1191,30
1191,469
1191,518
1191,746
1191,754
1191,801
1191,845
1191,847
1191,1024
1191,1149
1191,1312
1191,1367
1191,1382
1191,1447
1191,1448
1191,1456
1192,406
1192,511
1192,997
1192,1338
1193,14
1193,42
1193,362
1193,381
1193,408
1193,415
1193,435
1193,534
1193,554
1193,581
1193,657
1193,658
1193,731
1193,743
1193,766
1193,828
1193,906
1193,960
1193,1042
1193,1046
1193,1083
1193,1104
1193,1270
1193,1410
1193,1482
1194,270
1194,469
1194,599
1194,801
1194,845
1194,869
1194,870
1194,1382
1195,279
1195,458
1195,602
1195,634
1195,642
1195,770
1195,792
1195,853
1195,1007
1195,1027
1195,1299
1195,1329
1195,1431
1196,302
1196,440
1196,469
1196,721
1196,733
1196,844
1196,847
1196,890
1196,938
1196,976
1196,1229
1196,1448
1196,1451
1197,25
1197,30
1197,148
1197,260
1197,440
1197,452
1197,469
1197,518
1197,598
1197,610
1197,674
1197,730
1197,746
1197,754
1197,845
1197,847
1197,964
1197,1024
1197,1037
1197,1149
1197,1228
1197,1229
1197,1241
1197,1254
1197,1269
1197,1448
1197,1451
1197,1456
1197,1467
1197,1473
1197,1516
1198,170
1198,317
1198,1168
1199,391
1199,547
1199,1222
1199,1280
1199,1415
1200,49
1200,535
1200,705
1200,876
1200,1365
1201,190
1201,852
1201,1430
1202,49
1202,142
1202,247
1202,1259
1203,206
1203,455
1203,587
1203,1069
1203,1488
1204,47
1204,260
1204,391
1204,403
1204,541
1204,649
1204,762
1204,791
1204,797
1204,895
1204,974
1204,1059
1204,1077
1204,1183
1204,1275
1204,1281
1204,1484
1205,261
1205,594
1205,1504
1206,201
1206,326
1206,1219
1206,1244
1206,1293
1207,25
1207,30
1207,302
1207,469
1207,733
1207,845
1207,849
1207,890
1207,964
1207,1393
1208,244
1208,723
1208,865
1208,983
1208,1395
1209,232
1209,485
1209,629
1209,748
1209,1210
1209,1485
1209,1487
1210,232
1210,485
1210,591
1210,629
1210,665
1210,734
1210,748
1210,912
1210,1209
1210,1317
1210,1331
1210,1485
1210,1487
1211,429
1211,659
1211,702
1211,757
1211,1159
1211,1489
1212,283
1212,554
1212,782
1213,401
1213,628
1213,855
1213,915
1214,35
1214,386
1214,415
1214,426
1214,582
1214,652
1214,731
1214,803
1214,1028
1214,1083
1214,1104
1214,1105
1214,1110
1214,1113
1214,1262
1214,1291
1214,1443
1214,1482
1214,1503
1215,307
1215,391
1215,681
1215,775
1215,791
1215,801
1215,851
1215,870
1215,1275
1215,1469
1216,83
1216,696
1216,888
1216,894
1216,1079
1216,1263
1216,1356
1217,147
1217,165
1217,195
1217,196
1217,265
1217,615
1217,772
1217,826
1217,1025
1217,1235
1217,1255
1217,1276
1217,1458
1218,391
1218,887
1218,1019
1218,1119
1218,1304
1218,1321
1219,201
1219,326
1219,1206
1219,1244
1219,1293
1220,391
1220,777
1220,1041
1220,1469
1221,60
1221,573
1221,617
1221,622
1221,678
1221,695
1221,708
1221,737
1221,859
1221,962
1221,967
1221,1034
1221,1050
1221,1070
1221,1085
1221,1123
1221,1335
1221,1457
1222,393
1222,407
1222,446
1222,562
1222,662
1222,791
1222,1019
1222,1059
1222,1132
1222,1199
1223,115
1223,483
1223,539
1223,580
1223,707
1223,744
1223,759
1223,862
1223,884
1223,972
1223,1011
1223,1108
1223,1282
1223,1323
1223,1343
1223,1394
1223,1462
1224,159
1224,526
1224,592
1224,609
1224,701
1224,840
1224,940
1224,1107
1225,402
1226,386
1226,415
1226,631
1226,743
1226,935
1226,1348
1226,1443
1227,427
1228,302
1228,469
1228,739
1228,845
1228,1197
1228,1367
1228,1456
1229,13
1229,440
1229,721
1229,730
1229,733
1229,845
1229,849
1229,938
1229,1075
1229,1196
1229,1197
1229,1448
1230,244
1230,723
1230,865
1230,983
1230,1133
1230,1395
1231,44
1231,1004
1231,1006
1231,1384
1232,231
1232,979
1232,1380
1232,1449
1233,18
1233,711
1233,1286
1233,1341
1234,67
1235,49
1235,933
1235,1217
1235,1374
1236,112
1236,301
1236,308
1236,676
1236,697
1236,814
1236,842
1236,882
1236,953
1236,982
1236,991
1236,1052
1236,1154
1236,1157
1236,1180
1236,1245
1236,1258
1236,1271
1236,1297
1236,1357
1236,1492
1236,1494
1237,184
1237,799
1238,371
1238,557
1238,951
1239,207
1239,832
1239,959
1239,1002
1239,1073
1239,1134
1239,1481
1240,492
1240,1441
1240,1474
1241,25
1241,40
1241,47
1241,302
1241,469
1241,518
1241,586
1241,739
1241,754
1241,765
1241,783
1241,801
1241,845
1241,869
1241,964
1241,1025
1241,1153
1241,1197
1241,1261
1241,1367
1241,1382
1241,1447
1241,1448
1241,1456
1241,1516
1241,1518
1242,302
1242,721
1242,739
1242,754
1242,938
1242,964
1242,994
1242,1153
1242,1367
1242,1448
1243,144
1243,284
1243,288
1243,359
1243,408
1243,632
1243,697
1243,709
1243,867
1243,897
1243,909
1243,935
1243,969
1243,994
1243,1016
1243,1035
1243,1051
1243,1291
1243,1298
1243,1360
1243,1397
1243,1415
1243,1452
1243,1512
1244,201
1244,326
1244,1057
1244,1206
1244,1219
1244,1293
1244,1408
1245,76
1245,308
1245,572
1245,676
1245,698
1245,842
1245,857
1245,928
1245,933
1245,953
1245,1052
1245,1180
1245,1236
1245,1357
1245,1494
1245,1520
1246,60
1246,573
1246,617
1246,622
1246,678
1246,695
1246,708
1246,737
1246,859
1246,962
1246,967
1246,1034
1246,1050
1246,1070
1246,1085
1246,1335
1246,1457
1247,427
1247,517
1247,578
1247,612
1247,620
1247,771
1247,1417
1248,334
1248,461
1248,1435
1248,1468
1249,265
1249,345
1249,407
1249,615
1249,713
1249,816
1249,868
1249,910
1250,361
1250,472
1250,605
1250,833
1250,1151
1250,1411
1250,1425
1250,1486
1251,562
1251,775
1251,791
1251,832
1251,887
1251,1453
1252,319
1252,615
1252,704
1252,789
1252,1426
1252,1491
1253,9
1253,556
1253,745
1253,1305
1253,1379
1254,1
1254,518
1254,647
1254,783
1254,1059
1254,1149
1254,1197
1254,1453
1254,1456
1255,349
1255,493
1255,606
1255,772
1255,826
1255,1073
1255,1217
1256,0
1256,325
1256,528
1256,706
1256,1033
1256,1337
1256,1373
1256,1400
1256,1496
1256,1508
1257,69
1257,1424
1258,112
1258,301
1258,356
1258,676
1258,697
1258,698
1258,741
1258,758
1258,773
1258,826
1258,827
1258,1236
1258,1357
1258,1475
1258,1492
1259,51
1259,80
1259,306
1259,1202
1259,1276
1259,1447
1260,211
1260,1052
1260,1100
1260,1154
1261,377
1261,801
1261,1241
1261,1312
1261,1382
1261,1404
1262,2
1262,415
1262,453
1262,457
1262,463
1262,503
1262,543
1262,582
1262,652
1262,667
1262,672
1262,731
1262,743
1262,766
1262,803
1262,828
1262,860
1262,893
1262,906
1262,1038
1262,1048
1262,1127
1262,1130
1262,1214
1262,1291
1262,1410
1262,1427
1262,1490
1263,83
1263,696
1263,824
1263,888
1263,894
1263,1079
1263,1216
1264,220
1264,671
1264,778
1264,874
1264,1077
1265,305
1265,353
1265,426
1265,447
1265,568
1265,581
1265,652
1265,1028
1265,1278
1265,1443
1266,310
1266,407
1266,553
1266,713
1267,332
1267,457
1267,588
1267,1038
1268,991
1268,1036
1268,1069
1268,1328
1269,25
1269,469
1269,518
1269,746
1269,754
1269,845
1269,938
1269,1197
1269,1273
1269,1367
1269,1368
1269,1382
1269,1447
1269,1448
1269,1451
1269,1456
1270,381
1270,415
1270,435
1270,743
1270,1091
1270,1193
1271,117
1271,236
1271,572
1271,882
1271,953
1271,1154
1271,1180
1271,1236
1272,254
1272,378
1272,391
1272,572
1272,664
1272,729
1272,791
1272,1357
1273,84
1273,994
1273,1269
1274,379
1274,391
1274,579
1274,664
1274,777
1274,791
1274,851
1274,1041
1274,1077
1275,341
1275,391
1275,493
1275,579
1275,649
1275,775
1275,791
1275,1019
1275,1041
1275,1114
1275,1119
1275,1204
1275,1215
1275,1281
1275,1304
1276,40
1276,615
1276,772
1276,832
1276,1025
1276,1217
1276,1259
1277,35
1277,48
1277,61
1277,332
1277,457
1277,763
1277,1022
1278,2
1278,123
1278,336
1278,415
1278,426
1278,532
1278,568
1278,582
1278,652
1278,677
1278,731
1278,766
1278,796
1278,803
1278,828
1278,836
1278,906
1278,1042
1278,1101
1278,1130
1278,1160
1278,1265
1278,1383
1278,1410
1279,2
1279,593
1279,630
1279,660
1279,686
1279,689
1279,751
1279,1088
1279,1306
1279,1358
1280,740
1280,1089
1280,1199
1281,22
1281,34
1281,254
1281,391
1281,664
1281,714
1281,791
1281,1069
1281,1157
1281,1204
1281,1275
1281,1404
1281,1406
1282,115
1282,483
1282,539
1282,580
1282,707
1282,759
1282,884
1282,972
1282,1011
1282,1108
1282,1223
1282,1323
1282,1343
1282,1394
1282,1462
1283,50
1283,256
1283,654
1283,710
1283,1122
1284,915
1284,969
1285,112
1285,301
1285,741
1285,923
1285,953
1285,1357
1286,18
1286,711
1286,1233
1286,1341
1287,347
1287,1351
1288,2
1288,465
1288,503
1288,760
1288,904
1288,1065
1288,1148
1288,1326
1288,1371
1288,1436
1288,1502
1289,112
1289,356
1289,697
1289,815
1289,857
1289,923
1289,1052
1289,1100
1289,1376
1289,1494
1290,202
1290,335
1290,456
1290,658
1290,925
1290,1443
1290,1514
1291,2
1291,35
1291,52
1291,81
1291,241
1291,286
1291,305
1291,321
1291,336
1291,363
1291,372
1291,387
1291,396
1291,408
1291,415
1291,426
1291,428
1291,448
1291,453
1291,454
1291,463
1291,526
1291,532
1291,543
1291,567
1291,582
1291,595
1291,640
1291,646
1291,653
1291,701
1291,717
1291,731
1291,743
1291,828
1291,860
1291,916
1291,935
1291,940
1291,955
1291,1016
1291,1028
1291,1030
1291,1038
1291,1046
1291,1048
1291,1060
1291,1101
1291,1105
1291,1113
1291,1125
1291,1131
1291,1160
1291,1214
1291,1243
1291,1262
1291,1303
1291,1410
1291,1413
1291,1427
1291,1443
1291,1514
1292,250
1292,661
1292,1089
1292,1519
1293,201
1293,326
1293,794
1293,948
1293,1057
1293,1206
1293,1219
1293,1244
1293,1313
1293,1408
1293,1478
1294,88
1294,691
1294,780
1294,805
1294,1082
1295,105
1295,198
1295,715
1295,777
1295,1031
1295,1103
1295,1307
1296,234
1296,651
1297,303
1297,882
1297,952
1297,1071
1297,1236
1298,263
1298,359
1298,409
1298,486
1298,743
1298,779
1298,835
1298,1243
1298,1392
1298,1512
1299,279
1299,458
1299,602
1299,634
1299,642
1299,770
1299,792
1299,853
1299,968
1299,1007
1299,1027
1299,1195
1299,1329
1299,1431
1300,147
1300,462
1300,906
1300,916
1300,1125
1301,6
1301,704
1301,761
1301,1077
1302,166
1302,613
1302,946
1302,1054
1302,1076
1302,1109
1302,1182
1303,49
1303,221
1303,415
1303,471
1303,514
1303,554
1303,632
1303,693
1303,743
1303,935
1303,1110
1303,1291
1303,1375
1303,1509
1304,206
1304,579
1304,682
1304,886
1304,1069
1304,1218
1304,1275
1304,1422
1305,9
1305,556
1305,745
1305,1253
1305,1333
1306,2
1306,593
1306,630
1306,660
1306,686
1306,689
1306,751
1306,1088
1306,1279
1306,1358
1307,459
1307,715
1307,830
1307,1295
1308,83
1308,527
1308,768
1308,811
1308,846
1308,1334
1308,1419
1309,429
1309,477
1309,670
1309,702
1309,757
1309,907
1309,1381
1309,1489
1310,562
1310,791
1310,1019
1310,1416
1311,94
1311,963
1312,30
1312,469
1312,518
1312,615
1312,730
1312,746
1312,754
1312,765
1312,845
1312,1191
1312,1261
1312,1382
1312,1447
1312,1448
1312,1456
1313,201
1313,326
1313,1293
1313,1478
1314,376
1314,649
1314,801
1314,1111
1314,1353
1314,1518
1315,180
1315,267
1315,597
1315,607
1315,841
1315,1332
1316,2
1316,332
1316,387
1316,484
1316,785
1316,803
1316,878
1316,906
1316,1030
1316,1125
1316,1363
1317,232
1317,485
1317,591
1317,629
1317,665
1317,734
1317,748
1317,912
1317,1210
1317,1331
1317,1485
1317,1487
1318,231
1318,603
1318,979
1318,992
1318,1380
1318,1449
1319,87
1319,443
1319,741
1319,790
1319,1039
1319,1069
1319,1422
1319,1429
1319,1520
1320,2
1320,559
1320,604
1320,871
1320,1097
1320,1116
1321,391
1321,664
1321,680
1321,704
1321,719
1321,761
1321,816
1321,1077
1321,1218
1321,1322
1321,1438
1321,1440
1322,41
1322,892
1322,1077
1322,1171
1322,1321
1322,1364
1323,115
1323,483
1323,539
1323,580
1323,707
1323,744
1323,759
1323,862
1323,884
1323,972
1323,1011
1323,1108
1323,1223
1323,1282
1323,1343
1323,1394
1323,1462
1324,295
1325,437
1325,552
1325,795
1325,949
1325,1005
1325,1161
1326,2
1326,760
1326,902
1326,904
1326,1065
1326,1148
1326,1288
1326,1436
1326,1502
1327,181
1328,49
1328,572
1328,698
1328,1069
1328,1268
1329,279
1329,458
1329,602
1329,634
1329,642
1329,770
1329,792
1329,853
1329,1007
1329,1027
1329,1195
1329,1299
1329,1431
1330,53
1330,496
1330,727
1330,921
1330,960
1330,1342
1331,232
1331,591
1331,629
1331,665
1331,748
1331,1210
1331,1317
1331,1487
1332,267
1332,597
1332,607
1332,841
1332,1315
1333,105
1333,556
1333,704
1333,761
1333,834
1333,1001
1333,1077
1333,1305
1334,854
1334,1308
1334,1356
1335,60
1335,573
1335,617
1335,622
1335,678
1335,695
1335,708
1335,737
1335,859
1335,962
1335,967
1335,1034
1335,1050
1335,1070
1335,1085
1335,1123
1335,1221
1335,1246
1335,1457
1336,779
1336,1506
1337,0
1337,325
1337,528
1337,706
1337,1033
1337,1256
1337,1373
1337,1400
1337,1414
1337,1496
1337,1508
1338,406
1338,511
1338,997
1338,1192
1338,1495
1338,1497
1339,202
1339,310
1339,582
1339,779
1339,809
1339,1128
1339,1454
1340,249
1340,662
1340,856
1340,866
1340,867
1340,1471
1341,18
1341,711
1341,1233
1341,1286
1342,53
1342,496
1342,921
1342,960
1342,1330
1343,115
1343,483
1343,539
1343,580
1343,707
1343,759
1343,862
1343,884
1343,972
1343,1011
1343,1108
1343,1223
1343,1282
1343,1323
1343,1394
1343,1462
1344,203
1344,574
1344,1098
1345,25
1345,488
1345,844
1345,845
1345,937
1345,1447
1346,20
1346,110
1346,122
1346,582
1346,685
1346,867
1346,1073
1346,1176
1347,495
1347,1179
1347,1464
1348,386
1348,415
1348,631
1348,637
1348,717
1348,738
1348,774
1348,935
1348,1016
1348,1104
1348,1110
1348,1226
1348,1514
1349,253
1349,730
1349,801
1349,845
1349,1465
1349,1516
1350,119
1350,639
1351,347
1351,891
1351,1287
1352,153
1352,421
1352,507
1352,798
1353,13
1353,30
1353,100
1353,469
1353,494
1353,599
1353,606
1353,681
1353,784
1353,856
1353,1071
1353,1314
1354,78
1354,614
1354,735
1354,776
1354,1121
1354,1377
1355,716
1355,1013
1356,83
1356,888
1356,894
1356,1079
1356,1216
1356,1334
1357,112
1357,301
1357,664
1357,714
1357,729
1357,827
1357,842
1357,1157
1357,1236
1357,1245
1357,1258
1357,1272
1357,1285
1357,1494
1358,2
1358,593
1358,630
1358,660
1358,686
1358,689
1358,751
1358,1088
1358,1279
1358,1306
1359,726
1360,54
1360,576
1360,990
1360,1102
1360,1243
1361,97
1361,435
1361,631
1361,935
1361,1016
1361,1046
1361,1091
1361,1363
1362,407
1362,475
1362,800
1362,915
1363,97
1363,240
1363,387
1363,435
1363,484
1363,653
1363,1316
1363,1361
1364,41
1364,67
1364,892
1364,1171
1364,1322
1365,49
1365,535
1365,705
1365,876
1365,1200
1366,300
1366,679
1366,910
1366,1064
1367,96
1367,212
1367,518
1367,584
1367,589
1367,739
1367,754
1367,844
1367,869
1367,938
1367,964
1367,1008
1367,1191
1367,1228
1367,1241
1367,1242
1367,1269
1367,1447
1367,1448
1367,1451
1367,1456
1368,25
1368,302
1368,469
1368,847
1368,890
1368,1269
1369,235
1369,576
1369,856
1369,971
1369,1023
1369,1093
1370,87
1370,509
1370,694
1370,1069
1371,2
1371,465
1371,760
1371,1065
1371,1148
1371,1288
1371,1436
1371,1502
1372,390
1372,913
1373,325
1373,528
1373,706
1373,1033
1373,1256
1373,1337
1373,1400
1373,1414
1373,1496
1373,1508
1374,649
1374,679
1374,684
1374,726
1374,1235
1374,1450
1375,172
1375,220
1375,260
1375,285
1375,415
1375,481
1375,492
1375,547
1375,641
1375,701
1375,743
1375,766
1375,1303
1375,1397
1375,1441
1375,1474
1376,211
1376,572
1376,814
1376,815
1376,1052
1376,1100
1376,1289
1377,78
1377,614
1377,735
1377,776
1377,1121
1377,1354
1378,191
1378,347
1378,409
1378,596
1378,701
1378,1162
1379,9
1379,40
1379,377
1379,512
1379,745
1379,765
1379,772
1379,778
1379,1031
1379,1103
1379,1253
1379,1406
1379,1491
1380,231
1380,603
1380,979
1380,992
1380,1232
1380,1318
1380,1449
1381,429
1381,477
1381,659
1381,663
1381,670
1381,702
1381,757
1381,907
1381,1124
1381,1309
1381,1489
1382,270
1382,488
1382,599
1382,649
1382,746
1382,755
1382,845
1382,869
1382,870
1382,1191
1382,1194
1382,1241
1382,1261
1382,1269
1382,1312
1382,1447
1382,1448
1382,1456
1383,58
1383,335
1383,418
1383,484
1383,766
1383,1058
1383,1138
1383,1163
1383,1178
1383,1278
1384,44
1384,1004
1384,1006
1384,1231
1385,40
1385,377
1385,655
1385,850
1386,349
1386,936
1386,1491
1387,190
1388,376
1388,688
1388,986
1388,1012
1388,1111
1388,1150
1388,1187
1389,223
1389,908
1389,1172
1389,1442
1390,632
1390,1074
1391,156
1392,263
1392,835
1392,866
1392,867
1392,1298
1393,441
1393,681
1393,1207
1394,115
1394,483
1394,539
1394,580
1394,707
1394,744
1394,759
1394,862
1394,884
1394,972
1394,1011
1394,1108
1394,1223
1394,1282
1394,1323
1394,1343
1394,1462
1395,244
1395,723
1395,865
1395,983
1395,1208
1395,1230
1396,367
1396,687
1396,1403
1397,6
1397,492
1397,609
1397,701
1397,910
1397,1243
1397,1375
1397,1441
1397,1474
1398,54
1398,450
1398,540
1398,651
1398,990
1398,1177
1399,309
1399,749
1400,325
1400,528
1400,706
1400,1256
1400,1337
1400,1373
1400,1414
1400,1496
1400,1508
1401,23
1401,1118
1402,233
1402,235
1402,576
1402,1071
1402,1102
1403,367
1403,687
1403,779
1403,1396
1404,93
1404,122
1404,311
1404,314
1404,333
1404,473
1404,801
1404,870
1404,977
1404,1261
1404,1281
1404,1458
1405,337
1405,1106
1406,9
1406,34
1406,765
1406,778
1406,832
1406,1281
1406,1379
1407,109
1407,712
1408,201
1408,326
1408,794
1408,1244
1408,1293
1409,210
1409,388
1409,430
1409,831
1409,896
1409,1112
1409,1164
1409,1181
1410,385
1410,415
1410,582
1410,640
1410,667
1410,672
1410,693
1410,743
1410,766
1410,906
1410,911
1410,916
1410,1003
1410,1058
1410,1160
1410,1193
1410,1262
1410,1278
1410,1291
1410,1427
1410,1463
1410,1482
1411,361
1411,472
1411,605
1411,833
1411,1151
1411,1250
1411,1486
1412,110
1412,310
1412,932
1412,988
1413,363
1413,530
1413,1291
1414,0
1414,325
1414,706
1414,1033
1414,1337
1414,1373
1414,1400
1414,1496
1414,1508
1415,79
1415,122
1415,263
1415,475
1415,866
1415,867
1415,1199
1415,1243
1416,413
1416,635
1416,1310
1417,427
1417,517
1417,612
1417,620
1417,771
1417,1247
1418,364
1418,481
1418,1040
1419,103
1419,154
1419,265
1419,345
1419,407
1419,412
1419,414
1419,422
1419,551
1419,858
1419,1308
1420,28
1420,581
1420,878
1420,925
1420,947
1420,1443
1421,383
1421,480
1421,500
1421,905
1421,927
1421,939
1422,87
1422,455
1422,694
1422,790
1422,814
1422,1039
1422,1069
1422,1304
1422,1319
1422,1488
1423,107
1423,266
1423,1483
1424,68
1424,205
1424,1257
1425,361
1425,472
1425,605
1425,833
1425,1151
1425,1250
1425,1486
1426,43
1426,319
1426,520
1426,615
1426,649
1426,704
1426,789
1426,791
1426,1252
1426,1491
1427,415
1427,426
1427,703
1427,766
1427,1048
1427,1101
1427,1113
1427,1262
1427,1291
1427,1410
1427,1463
1428,370
1428,422
1428,566
1428,817
1428,975
1428,1045
1429,415
1429,442
1429,443
1429,582
1429,741
1429,790
1429,814
1429,842
1429,982
1429,991
1429,1069
1429,1154
1429,1319
1429,1475
1430,190
1430,852
1430,1201
1431,279
1431,458
1431,770
1431,792
1431,853
1431,1007
1431,1027
1431,1195
1431,1299
1431,1329
1432,309
1432,515
1432,1051
1433,40
1433,312
1433,655
1433,850
1433,944
1433,1143
1434,89
1434,466
1434,1506
1435,334
1435,461
1435,561
1435,1094
1435,1248
1435,1468
1436,2
1436,465
1436,760
1436,1065
1436,1288
1436,1326
1436,1371
1436,1502
1437,317
1437,563
1437,1168
1438,290
1438,391
1438,562
1438,664
1438,682
1438,704
1438,761
1438,791
1438,812
1438,816
1438,851
1438,917
1438,974
1438,1019
1438,1041
1438,1321
1439,230
1439,564
1440,59
1440,319
1440,719
1440,761
1440,1321
1441,492
1441,633
1441,1240
1441,1375
1441,1397
1441,1474
1442,223
1442,664
1442,908
1442,1172
1442,1389
1443,35
1443,52
1443,65
1443,120
1443,178
1443,200
1443,202
1443,241
1443,274
1443,305
1443,320
1443,386
1443,408
1443,415
1443,426
1443,428
1443,453
1443,484
1443,506
1443,526
1443,532
1443,543
1443,581
1443,582
1443,588
1443,673
1443,703
1443,717
1443,731
1443,743
1443,753
1443,787
1443,828
1443,860
1443,885
1443,893
1443,935
1443,947
1443,957
1443,1016
1443,1026
1443,1038
1443,1058
1443,1061
1443,1095
1443,1104
1443,1105
1443,1131
1443,1162
1443,1214
1443,1226
1443,1265
1443,1290
1443,1291
1443,1420
1443,1490
1443,1503
1444,361
1444,993
1444,1068
1444,1080
1445,291
1445,489
1445,1096
1445,1175
1446,522
1447,13
1447,25
1447,270
1447,440
1447,469
1447,518
1447,615
1447,669
1447,730
1447,746
1447,754
1447,765
1447,783
1447,801
1447,845
1447,847
1447,864
1447,919
1447,964
1447,995
1447,1024
1447,1149
1447,1176
1447,1191
1447,1241
1447,1259
1447,1269
1447,1312
1447,1345
1447,1367
1447,1382
1447,1448
1447,1456
1447,1491
1447,1516
1448,13
1448,25
1448,116
1448,148
1448,253
1448,440
1448,469
1448,518
1448,571
1448,598
1448,599
1448,610
1448,615
1448,621
1448,721
1448,730
1448,739
1448,746
1448,754
1448,755
1448,781
1448,801
1448,837
1448,844
1448,845
1448,847
1448,849
1448,864
1448,869
1448,919
1448,964
1448,976
1448,995
1448,1024
1448,1037
1448,1066
1448,1075
1448,1149
1448,1176
1448,1184
1448,1191
1448,1196
1448,1197
1448,1229
1448,1241
1448,1242
1448,1269
1448,1312
1448,1367
1448,1382
1448,1447
1448,1451
1448,1456
1448,1460
1448,1467
1448,1516
1449,231
1449,603
1449,979
1449,992
1449,1232
1449,1318
1449,1380
1450,219
1450,462
1450,545
1450,585
1450,681
1450,826
1450,1374
1451,1
1451,25
1451,302
1451,303
1451,440
1451,469
1451,518
1451,598
1451,730
1451,733
1451,755
1451,781
1451,845
1451,890
1451,919
1451,964
1451,976
1451,994
1451,1092
1451,1093
1451,1196
1451,1197
1451,1269
1451,1367
1451,1448
1451,1456
1451,1516
1452,347
1452,1139
1452,1243
1453,122
1453,196
1453,615
1453,681
1453,832
1453,1139
1453,1251
1453,1254
1453,1471
1453,1507
1454,592
1454,1339
1455,86
1455,575
1455,883
1456,13
1456,25
1456,30
1456,253
1456,440
1456,469
1456,518
1456,584
1456,598
1456,599
1456,610
1456,683
1456,721
1456,730
1456,733
1456,739
1456,746
1456,754
1456,755
1456,801
1456,845
1456,847
1456,864
1456,869
1456,919
1456,938
1456,964
1456,994
1456,1037
1456,1066
1456,1149
1456,1153
1456,1191
1456,1197
1456,1228
1456,1241
1456,1254
1456,1269
1456,1312
1456,1367
1456,1382
1456,1447
1456,1448
1456,1451
1456,1460
1456,1467
1456,1516
1457,60
1457,573
1457,617
1457,622
1457,678
1457,695
1457,708
1457,737
1457,859
1457,962
1457,967
1457,1034
1457,1050
1457,1070
1457,1085
1457,1123
1457,1221
1457,1246
1457,1335
1458,314
1458,801
1458,977
1458,1217
1458,1404
1459,25
1459,302
1459,647
1459,844
1459,1516
1460,13
1460,30
1460,253
1460,469
1460,518
1460,598
1460,721
1460,730
1460,746
1460,801
1460,845
1460,847
1460,1037
1460,1149
1460,1448
1460,1456
1461,29
1461,730
1461,826
1461,941
1461,1073
1461,1190
1462,115
1462,483
1462,539
1462,580
1462,707
1462,744
1462,759
1462,862
1462,884
1462,972
1462,1011
1462,1108
1462,1223
1462,1282
1462,1323
1462,1343
1462,1394
1463,415
1463,457
1463,595
1463,652
1463,785
1463,828
1463,836
1463,878
1463,906
1463,960
1463,1410
1463,1427
1464,495
1464,1179
1464,1347
1465,299
1465,599
1465,1349
1465,1473
1466,645
1466,779
1467,13
1467,469
1467,598
1467,610
1467,845
1467,1197
1467,1448
1467,1456
1468,334
1468,461
1468,1248
1468,1435
1469,307
1469,791
1469,851
1469,1215
1469,1220
1470,257
1470,969
1471,68
1471,292
1471,545
1471,779
1471,1340
1471,1453
1472,131
1472,133
1472,880
1473,299
1473,599
1473,1197
1473,1465
1474,72
1474,492
1474,1240
1474,1375
1474,1397
1474,1441
1475,301
1475,356
1475,636
1475,697
1475,698
1475,741
1475,773
1475,1258
1475,1429
1476,56
1476,549
1476,752
1476,987
1476,1500
1477,486
1477,666
1477,1133
1478,201
1478,326
1478,1293
1478,1313
1479,66
1479,288
1479,704
1479,709
1480,275
1480,306
1480,338
1480,487
1480,501
1480,546
1480,1063
1481,391
1481,645
1481,647
1481,730
1481,856
1481,1086
1481,1091
1481,1239
1482,182
1482,361
1482,362
1482,363
1482,386
1482,415
1482,554
1482,717
1482,743
1482,774
1482,803
1482,935
1482,1016
1482,1110
1482,1131
1482,1193
1482,1214
1482,1410
1482,1514
1483,107
1483,266
1483,1423
1484,260
1484,541
1484,762
1484,1204
1485,232
1485,485
1485,591
1485,629
1485,665
1485,734
1485,748
1485,912
1485,1209
1485,1210
1485,1317
1485,1487
1486,361
1486,605
1486,833
1486,1151
1486,1250
1486,1411
1486,1425
1487,232
1487,485
1487,591
1487,629
1487,665
1487,734
1487,748
1487,912
1487,1209
1487,1210
1487,1317
1487,1331
1487,1485
1488,206
1488,455
1488,886
1488,932
1488,1039
1488,1069
1488,1203
1488,1422
1489,659
1489,702
1489,1211
1489,1309
1489,1381
1490,305
1490,506
1490,925
1490,1125
1490,1262
1490,1443
1491,319
1491,404
1491,615
1491,789
1491,1156
1491,1252
1491,1379
1491,1386
1491,1426
1491,1447
1492,149
1492,301
1492,697
1492,741
1492,882
1492,1236
1492,1258
1493,128
1493,129
1493,355
1493,848
1493,929
1493,1140
1494,112
1494,714
1494,827
1494,842
1494,928
1494,1052
1494,1154
1494,1236
1494,1245
1494,1289
1494,1357
1495,406
1495,511
1495,997
1495,1338
1495,1497
1496,0
1496,325
1496,706
1496,1256
1496,1337
1496,1373
1496,1400
1496,1414
1496,1508
1497,406
1497,511
1497,997
1497,1338
1497,1495
1498,328
1498,350
1498,914
1499,34
1499,476
1499,1071
1499,1518
1500,114
1500,212
1500,478
1500,498
1500,586
1500,752
1500,788
1500,802
1500,945
1500,987
1500,1476
1501,162
1501,329
1501,1077
1502,2
1502,465
1502,760
1502,1065
1502,1148
1502,1288
1502,1326
1502,1371
1502,1436
1503,35
1503,229
1503,447
1503,543
1503,568
1503,672
1503,736
1503,1028
1503,1029
1503,1083
1503,1106
1503,1162
1503,1214
1503,1443
1504,547
1504,1205
1505,319
1505,732
1505,791
1505,917
1505,952
1505,1019
1505,1069
1505,1135
1506,89
1506,466
1506,1336
1506,1434
1507,196
1507,473
1507,1453
1508,0
1508,325
1508,528
1508,706
1508,1033
1508,1256
1508,1337
1508,1373
1508,1400
1508,1414
1508,1496
1509,226
1509,514
1509,961
1509,1303
1510,395
1510,530
1510,533
1510,550
1510,786
1510,903
1510,1062
1510,1137
1511,141
1511,210
1511,1112
1511,1181
1512,263
1512,486
1512,1243
1512,1298
1513,85
1513,158
1513,825
1513,924
1514,182
1514,386
1514,426
1514,543
1514,568
1514,640
1514,657
1514,935
1514,948
1514,1026
1514,1083
1514,1091
1514,1104
1514,1110
1514,1290
1514,1291
1514,1348
1514,1482
1515,99
1515,449
1515,560
1515,726
1515,926
1515,1081
1516,30
1516,469
1516,518
1516,598
1516,599
1516,647
1516,721
1516,730
1516,765
1516,801
1516,844
1516,845
1516,847
1516,849
1516,864
1516,869
1516,890
1516,938
1516,964
1516,995
1516,1066
1516,1197
1516,1241
1516,1349
1516,1447
1516,1448
1516,1451
1516,1456
1516,1459
1517,397
1517,570
1517,624
1518,1012
1518,1190
1518,1241
1518,1314
1518,1499
1519,250
1519,661
1519,1089
1519,1292
1520,117
1520,442
1520,443
1520,698
1520,741
1520,773
1520,790
1520,814
1520,991
1520,1036
1520,1069
1520,1142
1520,1245
1520,1319
